LGA,Code,Mar-11,Jun-11,Sep-11,Dec-11,Mar-12,Jun-12,Sep-12,Dec-12,Mar-13,Jun-13,Sep-13,Dec-13,Mar-14,Jun-14,Sep-14,Dec-14,Mar-15,Jun-15,Sep-15,Dec-15,Mar-16,Jun-16,Sep-16,Dec-16,Mar-17,Jun-17,Sep-17,Dec-17,Mar-18,Jun-18,Sep-18,Dec-18,Mar-19,Jun-19,Sep-19,Dec-19,Mar-20,Jun-20,Sep-20,Dec-20
Albury (C),10050,5.8,5.5,6.1,7.5,9.0,8.6,6.7,5.0,3.3,3.1,3.9,6.2,8.1,9.8,10.9,12.0,13.2,12.6,11.2,9.7,9.0,8.3,8.1,7.4,6.5,6.6,8.3,9.8,10.7,11.5,10.3,9.2,7.8,7.1,6.9,6.1,5.8,5.6,5.3,6.0
Armidale Regional (A),10180,6.5,7.0,7.6,7.5,6.8,6.2,5.7,5.5,5.9,5.8,5.7,5.7,5.3,6.0,6.5,6.6,7.5,7.4,7.6,7.8,7.6,7.1,7.1,6.8,6.4,6.4,5.9,5.8,5.5,6.2,6.5,6.4,6.2,5.1,4.4,4.3,5.0,5.4,6.2,6.3
Ballina (A),10250,4.8,4.7,4.4,4.2,4.1,4.1,4.3,4.5,5.0,5.6,5.9,6.0,5.9,5.5,5.6,6.2,6.8,7.0,7.2,6.6,6.0,5.3,4.6,4.1,4.0,3.9,3.6,3.3,3.4,3.6,3.5,3.4,2.9,2.9,2.9,3.0,2.9,3.1,3.4,3.7
Balranald (A),10300,4.4,3.9,3.9,4.6,5.6,5.5,4.1,3.1,2.0,1.7,2.0,3.1,3.9,4.7,5.1,5.6,6.3,5.9,5.2,4.5,4.3,4.1,4.0,3.4,2.7,2.7,3.1,3.9,4.4,4.7,4.4,3.9,3.1,2.8,2.6,2.3,2.2,2.2,2.3,2.7
Bathurst Regional (A),10470,4.9,4.6,4.7,4.4,4.7,5.0,5.4,6.1,6.0,6.2,6.0,5.9,5.5,5.3,5.4,5.5,6.1,6.4,6.8,6.4,5.5,5.1,4.0,3.8,4.1,3.8,3.9,3.5,3.5,4.2,4.8,5.3,4.9,4.1,3.2,2.8,2.9,3.1,3.7,3.8
Bayside (A),10500,4.8,4.6,4.6,4.7,4.7,4.6,4.4,4.3,4.3,4.2,4.1,4.1,4.1,4.1,4.1,4.4,4.7,5.1,5.4,5.0,4.7,4.4,4.2,4.2,4.1,4.1,4.2,4.1,4.1,4.1,3.8,3.4,3.1,3.0,2.9,3.1,3.2,3.9,4.7,5.5
Bega Valley (A),10550,4.9,3.9,3.6,3.9,4.2,4.4,4.8,4.7,5.4,5.7,5.5,6.0,7.7,8.5,8.5,7.8,6.0,4.9,4.9,5.3,5.4,5.5,5.2,5.5,6.1,6.2,7.1,7.0,6.4,6.7,6.8,7.0,6.6,5.9,5.4,4.9,5.0,5.6,5.5,6.0
Bellingen (A),10600,3.8,4.6,6.0,6.5,8.1,7.8,7.7,7.8,7.5,7.4,6.8,6.2,6.3,6.6,7.0,7.0,6.4,6.1,5.7,5.8,5.7,4.9,4.9,5.1,5.9,7.1,7.8,8.4,8.5,8.3,8.9,8.7,8.0,6.9,5.5,4.7,4.5,6.4,8.0,8.2
Berrigan (A),10650,4.1,4.1,4.9,6.1,7.2,6.9,5.3,3.9,2.6,2.4,3.1,4.7,6.0,7.1,7.6,8.2,9.0,8.5,7.5,6.7,6.4,6.0,5.8,5.0,3.9,3.7,4.6,5.9,6.7,7.4,6.7,5.6,4.4,3.8,3.5,3.1,3.0,3.1,3.3,3.9
Blacktown (C),10750,6.1,5.9,5.8,5.8,5.4,4.8,4.5,4.6,5.0,5.8,7.0,7.4,7.5,8.0,7.2,6.6,6.9,6.2,7.0,7.0,6.8,6.7,6.1,6.2,6.4,6.3,5.9,6.0,5.8,5.2,5.1,4.9,5.1,5.5,5.5,5.5,5.5,6.2,6.8,7.1
Bland (A),10800,3.6,3.5,3.5,3.2,3.3,3.6,3.9,4.7,4.8,5.0,4.8,4.5,4.2,4.1,4.3,4.6,5.2,5.6,5.9,5.5,4.8,4.2,3.3,2.9,3.0,2.8,2.9,2.7,2.8,3.5,4.1,4.5,4.1,3.5,2.7,2.3,2.2,2.4,2.7,2.7
Blayney (A),10850,3.9,3.5,3.6,3.3,3.8,4.1,4.3,4.8,4.8,5.2,5.4,5.5,5.4,5.3,5.2,5.1,5.4,5.6,6.1,5.8,5.2,4.9,3.9,3.6,3.7,3.4,3.4,3.2,3.2,3.7,4.3,4.6,4.2,3.6,2.7,2.5,2.6,2.8,3.4,3.4
Blue Mountains (C),10900,5.3,5.3,5.2,4.9,4.8,4.8,4.7,4.8,5.2,5.5,5.5,5.8,5.9,5.9,6.0,5.9,5.4,4.7,4.4,3.7,3.7,3.5,3.3,3.4,3.1,3.4,3.5,3.7,3.8,3.2,2.9,2.6,2.8,3.3,3.7,4.1,4.1,4.5,4.7,4.5
Bogan (A),10950,5.2,4.9,4.6,4.2,4.2,4.2,3.8,3.4,3.2,2.8,3.3,4.7,4.9,6.0,5.0,5.1,5.8,5.4,5.9,4.7,4.5,4.9,5.3,5.2,4.1,3.4,2.8,2.6,3.2,3.0,2.8,2.9,2.5,3.0,3.0,2.9,2.4,1.7,1.5,2.4
Bourke (A),11150,12.9,11.7,10.6,9.6,9.8,9.7,9.3,8.6,8.2,7.2,8.7,12.3,12.8,15.1,12.4,11.6,12.8,11.6,11.9,9.1,8.4,9.2,10.2,10.0,8.0,6.4,4.9,4.4,5.6,5.1,4.9,5.1,4.2,5.3,5.6,5.2,4.6,3.1,3.0,4.9
Brewarrina (A),11200,12.9,11.6,10.6,9.6,9.9,9.7,9.3,8.6,8.2,7.2,8.6,12.4,12.8,15.3,12.5,11.6,12.9,11.7,12.0,9.2,8.6,9.3,10.5,10.2,8.2,6.6,5.1,4.7,5.9,5.5,5.1,5.3,4.4,5.6,5.9,5.5,4.8,3.3,3.0,4.9
Broken Hill (C),11250,8.2,7.6,6.8,6.2,6.2,5.9,5.5,5.0,4.9,4.3,5.1,7.4,7.5,9.0,7.6,7.2,8.1,7.4,7.7,6.1,6.0,6.8,7.7,7.6,6.0,5.0,4.0,3.7,4.4,3.9,3.4,3.4,3.0,3.7,3.9,3.7,3.1,2.2,2.0,3.1
Burwood (A),11300,5.1,5.7,6.0,6.6,6.5,6.1,5.9,5.0,5.0,4.5,4.2,4.5,4.2,4.3,4.1,4.1,4.4,4.6,5.0,4.9,4.6,4.8,5.0,5.1,5.3,5.4,5.3,5.5,5.6,5.6,5.2,4.7,3.8,3.0,2.6,2.3,3.2,4.5,6.4,7.7
Byron (A),11350,8.3,8.4,7.9,7.6,7.6,7.5,7.7,8.0,8.4,9.3,9.6,9.5,9.3,8.6,8.6,9.5,10.4,10.7,11.0,10.0,8.9,7.6,6.4,5.5,5.3,5.2,4.9,4.6,4.8,5.0,5.0,4.7,3.9,3.9,3.8,3.9,3.7,4.4,5.3,6.2
Cabonne (A),11400,3.0,2.8,2.8,2.6,2.9,3.2,3.5,4.0,3.9,4.1,4.1,4.1,4.0,3.9,3.9,3.9,4.2,4.3,4.7,4.4,3.8,3.6,2.9,2.7,2.8,2.5,2.5,2.3,2.2,2.6,3.0,3.1,2.8,2.4,1.8,1.7,1.8,1.9,2.4,2.4
Camden (A),11450,1.9,2.0,2.0,2.1,2.2,2.3,2.5,2.7,2.8,2.9,2.9,2.8,2.8,2.5,2.5,2.6,2.5,2.7,2.6,2.4,2.4,2.2,2.1,2.3,2.5,2.5,2.4,2.1,1.8,1.7,1.9,2.0,2.0,2.1,2.2,2.2,2.3,2.7,3.2,3.7
Campbelltown (C) (NSW),11500,6.0,6.0,5.8,6.2,6.0,6.2,6.9,7.5,7.7,7.9,7.7,7.2,7.2,6.5,6.8,7.2,7.5,8.3,7.9,7.6,7.4,6.7,6.5,7.4,8.2,8.4,7.8,6.5,5.3,5.0,5.4,5.7,6.3,6.5,6.8,7.0,7.0,7.4,7.8,8.1
Canada Bay (A),11520,2.6,2.8,2.9,3.2,3.2,3.1,3.0,2.5,2.6,2.4,2.2,2.4,2.3,2.4,2.3,2.3,2.4,2.5,2.7,2.7,2.6,2.6,2.7,2.7,2.8,2.9,3.0,3.1,3.3,3.2,2.9,2.6,2.0,1.6,1.4,1.3,1.8,2.8,4.2,5.1
Canterbury-Bankstown (A),11570,8.9,8.2,8.4,8.6,8.4,8.1,7.9,7.7,7.8,7.7,7.2,6.7,6.8,6.6,6.6,7.1,7.4,8.3,9.0,8.7,8.2,7.6,7.6,7.5,7.5,7.4,7.2,7.1,7.3,7.5,7.5,7.2,7.0,6.8,6.5,6.7,6.9,7.6,8.1,8.8
Carrathool (A),11600,4.9,4.6,4.6,4.4,3.6,3.6,3.3,3.3,3.6,3.8,3.9,4.3,4.2,4.0,3.7,3.2,3.3,3.2,3.2,3.0,2.4,2.5,2.7,2.9,3.0,3.3,3.1,3.3,3.9,4.0,3.9,3.5,2.7,2.1,2.0,2.4,2.8,3.2,3.7,3.5
Central Coast (C) (NSW),11650,5.1,5.2,6.0,6.3,6.4,6.6,6.2,6.1,6.1,6.2,6.2,6.4,6.1,6.4,6.7,6.8,7.0,6.2,6.4,6.8,6.8,6.8,6.0,5.2,5.5,5.9,6.4,6.5,6.3,6.0,5.8,5.7,5.4,5.6,5.4,5.1,4.9,4.7,4.7,5.5
Central Darling (A),11700,9.8,8.7,7.6,7.0,7.3,7.7,7.6,7.0,6.6,5.9,7.3,10.9,11.7,14.0,11.7,10.9,12.3,11.1,11.4,8.7,8.0,8.5,9.4,9.1,7.4,6.0,5.0,4.7,5.8,5.3,4.8,4.8,3.9,4.7,4.8,4.5,3.8,2.5,2.2,3.5
Cessnock (C),11720,5.8,5.7,5.4,5.3,4.3,4.0,4.5,4.7,5.5,6.5,6.4,6.5,7.3,8.2,9.6,10.9,12.6,13.5,14.0,13.9,11.4,9.4,7.7,6.3,6.5,6.1,6.3,6.6,7.3,7.9,7.6,7.9,7.3,7.3,7.1,6.6,6.0,5.9,6.8,7.7
Clarence Valley (A),11730,4.0,4.6,5.8,6.1,7.5,7.4,7.4,7.7,7.5,7.5,7.1,6.7,7.0,7.5,8.2,8.4,7.7,7.4,6.9,6.7,6.6,5.7,5.7,6.4,7.4,9.1,9.9,10.3,10.2,9.8,10.4,10.4,9.7,8.5,7.1,6.4,6.2,7.9,9.2,8.9
Cobar (A),11750,3.6,3.2,2.9,2.7,2.8,2.7,2.3,2.0,1.8,1.6,1.9,2.9,3.0,3.6,3.0,2.9,3.2,3.0,3.2,2.4,2.4,2.7,2.9,2.7,2.1,1.7,1.5,1.4,1.7,1.5,1.4,1.5,1.2,1.5,1.5,1.5,1.3,0.9,0.8,1.4
Coffs Harbour (C),11800,3.4,3.9,5.1,5.3,6.5,6.4,6.2,6.4,6.1,6.0,5.6,5.3,5.5,5.8,6.2,6.3,5.8,5.7,5.4,5.4,5.2,4.5,4.5,4.9,5.7,6.9,7.4,7.8,7.7,7.6,8.1,8.3,7.7,6.8,5.6,5.0,4.8,6.3,7.5,7.4
Coolamon (A),12000,4.2,4.0,4.0,3.7,3.2,3.3,3.1,3.2,3.5,3.9,4.0,4.3,4.1,3.8,3.6,3.2,3.3,3.2,3.2,2.9,2.2,2.4,2.7,2.9,3.1,3.2,2.9,2.8,3.3,3.6,3.6,3.2,2.7,2.1,2.1,2.6,2.9,3.2,3.7,3.4
Coonamble (A),12150,7.1,6.8,6.1,5.6,5.8,5.8,5.6,5.2,5.0,4.5,5.3,7.7,7.8,9.0,7.5,7.3,8.3,7.6,8.1,6.3,6.2,7.2,8.0,8.0,6.4,5.4,4.6,4.3,5.6,5.2,5.0,5.1,4.4,5.4,5.5,5.1,4.1,2.5,2.1,3.2
Cootamundra-Gundagai Regional (A),12160,8.4,8.3,8.3,7.8,6.4,6.1,5.5,5.2,5.6,6.2,6.3,6.8,6.5,5.8,5.3,4.5,4.3,4.2,4.3,4.0,3.2,3.5,3.9,4.4,4.6,5.0,4.8,5.1,6.4,7.0,7.0,6.2,5.0,4.0,3.9,4.5,4.8,5.2,5.7,5.1
Cowra (A),12350,7.2,7.3,7.7,7.5,8.7,9.5,10.1,11.0,10.5,10.7,10.5,10.4,9.9,9.4,9.4,9.4,10.1,10.7,11.2,10.5,9.0,8.3,6.5,6.1,6.6,6.1,6.3,5.9,5.8,7.0,8.1,8.7,8.1,6.9,5.4,5.1,5.2,5.4,6.2,6.0
Cumberland (A),12380,8.0,7.7,7.5,7.9,8.2,7.7,7.2,7.0,8.0,8.8,10.2,10.8,10.3,10.2,9.7,8.8,8.5,8.1,8.0,8.4,8.2,8.2,7.4,7.0,7.4,7.0,7.0,6.6,6.4,7.0,7.5,8.2,8.2,8.4,8.2,7.9,7.8,8.0,8.8,9.9
Dubbo Regional (A),12390,4.8,4.6,4.2,3.9,3.9,3.7,3.4,3.1,3.0,2.6,3.2,4.6,4.7,5.4,4.4,4.0,4.5,4.1,4.3,3.5,3.5,4.0,4.5,4.4,3.5,2.9,2.4,2.2,2.7,2.5,2.3,2.3,2.0,2.3,2.4,2.3,2.0,1.4,1.4,2.1
Dungog (A),12700,3.1,3.0,2.9,2.9,2.4,2.2,2.4,2.4,2.7,3.2,3.1,3.3,4.0,4.5,5.2,5.7,6.5,6.9,7.0,6.9,5.6,4.6,3.9,3.3,3.3,3.0,3.2,3.3,3.8,4.3,4.2,4.5,4.1,4.0,3.9,3.5,3.2,3.3,3.9,4.5
Edward River (A),12730,5.4,4.8,5.2,6.4,7.6,7.2,5.6,4.1,2.8,2.8,3.6,5.8,7.4,8.6,9.3,10.1,11.1,10.5,9.3,7.8,7.3,6.8,6.8,6.4,5.8,5.9,7.5,8.9,9.6,10.2,8.9,7.8,6.4,6.0,5.9,5.4,5.3,5.4,5.2,5.8
Eurobodalla (A),12750,6.4,5.2,4.9,5.3,5.7,5.9,6.5,6.3,7.0,7.2,6.9,7.6,10.1,11.2,11.2,10.1,7.7,6.3,6.4,6.7,6.8,7.0,6.6,6.9,7.8,8.1,9.1,9.0,8.3,8.9,9.5,10.0,9.7,8.8,8.1,7.1,7.2,7.7,7.2,7.7
Fairfield (C),12850,9.5,9.2,9.2,9.4,10.0,10.7,11.0,10.6,10.2,9.7,10.1,11.1,11.6,11.9,11.5,10.0,9.4,8.8,8.4,8.7,8.7,9.2,9.5,9.4,9.6,9.4,9.3,9.3,9.0,9.1,9.2,9.4,9.4,9.0,8.8,9.2,9.6,10.0,11.0,11.6
Federation (A),12870,4.2,4.0,4.8,6.1,7.2,6.9,5.3,3.9,2.6,2.5,3.2,4.8,6.1,7.2,7.8,8.7,9.6,9.2,8.4,7.6,7.2,6.7,6.6,5.7,4.9,4.9,6.0,7.4,7.9,8.5,7.7,6.7,5.5,4.9,4.6,4.0,3.8,3.9,4.1,4.8
Forbes (A),12900,4.7,4.7,5.1,4.9,5.7,6.2,6.7,7.6,7.4,7.7,7.6,7.5,7.1,6.7,6.6,6.6,7.1,7.2,7.7,7.3,6.3,5.8,4.5,4.1,4.2,3.9,3.9,3.6,3.6,4.3,5.0,5.4,4.9,4.2,3.2,3.0,3.2,3.5,4.2,4.3
Georges River (A),12930,4.6,4.2,4.4,4.4,4.2,4.1,3.9,3.8,3.7,3.6,3.3,3.1,3.2,3.1,3.1,3.4,3.5,3.9,4.2,4.0,3.8,3.5,3.5,3.5,3.5,3.4,3.3,3.3,3.4,3.5,3.5,3.2,3.1,2.9,2.8,2.9,3.0,3.5,3.9,4.4
Gilgandra (A),12950,4.9,4.7,4.2,3.8,3.8,3.6,3.4,3.2,3.1,2.9,3.6,5.2,5.4,6.5,5.5,5.3,5.9,5.2,5.4,4.2,4.0,4.5,5.0,5.0,4.0,3.5,2.9,2.9,3.7,3.5,3.2,3.2,2.7,3.5,3.9,3.8,3.2,2.2,1.8,2.6
Glen Innes Severn (A),13010,8.0,8.9,9.5,9.6,8.8,8.5,8.2,8.0,8.7,8.6,8.7,9.1,8.7,9.9,10.7,11.0,12.6,12.5,12.6,13.1,12.8,11.9,11.8,11.0,10.3,10.3,9.4,9.3,8.9,9.7,10.2,9.8,9.6,7.7,6.5,6.3,7.1,7.4,8.4,8.3
Goulburn Mulwaree (A),13310,4.8,3.9,3.6,3.7,3.9,4.1,4.6,4.5,5.1,5.2,5.0,5.4,6.9,7.7,7.7,7.0,5.5,4.4,4.5,4.8,4.8,4.9,4.5,4.7,5.4,5.6,6.4,6.3,5.7,6.0,6.2,6.6,6.3,5.8,5.3,4.6,4.6,5.0,4.7,5.0
Greater Hume Shire (A),13340,3.2,3.0,3.3,4.1,5.0,4.8,3.8,2.9,2.0,1.9,2.5,3.9,5.0,5.8,6.1,6.4,6.9,6.4,5.7,4.8,4.3,4.0,3.9,3.4,3.0,3.0,3.7,4.6,5.0,5.3,4.6,3.9,3.2,2.9,2.9,2.8,2.7,2.8,2.8,3.2
Griffith (C),13450,7.9,7.5,7.2,6.8,5.6,5.6,5.2,5.2,5.5,5.8,5.8,6.3,6.0,5.5,5.1,4.5,4.6,4.6,4.5,4.1,3.2,3.2,3.5,3.9,4.2,4.4,4.0,3.9,4.5,4.7,4.8,4.3,3.5,2.7,2.6,3.1,3.4,3.9,4.4,3.9
Gunnedah (A),13550,7.1,7.7,8.4,8.5,7.8,7.2,6.6,6.0,6.3,6.2,6.1,6.4,6.0,6.9,7.6,7.8,8.9,8.8,8.8,9.0,8.8,8.0,7.9,7.3,6.8,6.7,6.1,5.9,5.6,6.2,6.7,6.6,6.4,5.2,4.4,4.2,4.7,5.1,6.0,6.1
Gwydir (A),13660,5.6,6.0,6.6,6.8,6.1,5.8,5.3,4.9,5.1,5.0,5.0,5.0,4.7,5.5,5.9,5.9,6.5,6.4,6.4,6.7,6.7,6.2,6.1,5.7,5.4,5.3,4.7,4.5,4.3,4.9,5.2,5.1,5.0,4.2,3.6,3.6,4.1,4.3,5.1,5.1
Hawkesbury (C),13800,6.6,6.2,6.1,5.8,5.6,5.7,5.8,5.9,6.3,6.8,7.2,8.0,8.1,8.2,8.2,7.8,7.4,6.7,6.4,5.6,6.0,6.1,6.4,6.7,6.3,6.1,5.8,5.4,5.2,4.7,4.5,4.6,4.7,5.1,5.3,5.3,5.7,6.0,6.7,7.0
Hay (A),13850,4.7,4.3,4.2,5.1,6.1,5.8,4.5,3.3,2.1,2.1,2.7,4.4,5.4,6.5,6.9,7.5,8.5,8.0,7.2,6.4,6.0,5.7,5.8,5.3,4.7,4.4,5.3,6.5,7.2,8.2,7.6,6.8,5.6,4.9,4.6,4.0,3.8,3.6,3.5,4.0
Hilltops (A),13910,4.8,3.9,3.6,3.8,4.0,4.1,4.5,4.3,4.9,5.2,5.0,5.4,7.0,7.7,7.8,7.1,5.4,4.4,4.5,4.9,5.1,5.2,4.9,5.1,5.8,5.9,6.8,6.8,6.2,6.8,7.2,7.7,7.4,6.7,6.2,5.6,5.7,6.0,5.5,5.7
Hornsby (A),14000,3.6,3.7,4.0,4.3,4.5,4.8,4.9,4.8,4.8,4.6,4.8,5.1,5.3,5.2,5.3,5.5,5.6,5.6,5.4,5.0,5.1,5.5,5.7,6.0,5.8,5.5,5.4,5.3,5.1,5.0,4.7,4.5,4.6,4.5,4.7,4.9,4.7,4.8,5.6,5.9
Hunters Hill (A),14100,3.7,3.6,3.4,3.5,3.3,3.5,3.3,3.7,3.6,3.6,4.1,4.2,4.7,4.5,4.8,4.3,4.3,4.5,4.4,4.6,4.8,5.1,4.8,5.0,4.5,3.8,3.8,3.1,3.0,3.1,2.8,2.9,2.9,3.1,3.3,3.5,3.7,4.1,4.4,4.5
Inner West (A),14170,4.7,5.1,5.1,5.8,6.0,5.7,5.5,4.7,4.8,4.4,4.7,5.2,5.1,5.2,5.0,5.1,5.4,5.6,5.9,5.6,5.4,5.5,5.3,5.4,5.4,5.5,5.7,5.7,5.8,5.7,5.2,4.6,3.7,3.3,3.1,3.1,3.8,4.9,6.5,7.6
Inverell (A),14220,8.9,9.5,10.1,10.2,9.2,8.7,8.3,7.8,8.4,8.3,8.2,8.4,7.7,8.6,9.2,9.4,10.8,10.7,10.8,11.0,10.7,9.9,9.8,9.4,9.1,9.1,8.4,8.2,7.6,8.2,8.5,8.2,8.0,6.6,5.6,5.3,5.9,6.2,7.3,7.4
Junee (A),14300,8.3,8.2,8.1,7.8,6.5,6.5,5.7,5.5,5.9,6.2,6.3,6.5,6.2,5.6,5.3,4.9,5.1,5.1,4.9,4.4,3.3,3.3,3.7,4.0,4.3,4.6,4.3,4.2,5.0,5.4,5.4,5.0,4.3,3.5,3.7,4.3,4.7,5.0,5.4,4.8
Kempsey (A),14350,9.8,9.1,9.3,8.0,6.2,5.7,5.3,6.6,7.2,7.0,7.0,7.0,7.9,9.0,9.2,8.7,8.8,9.4,10.0,10.5,10.0,9.4,8.1,7.4,7.1,6.3,7.0,6.8,6.5,6.5,5.8,6.3,7.2,7.4,8.1,8.1,8.7,9.8,10.8,10.5
Kiama (A),14400,3.8,3.7,3.8,3.7,3.5,3.7,4.0,4.1,4.0,3.9,3.8,3.5,3.5,3.2,2.9,2.9,2.9,3.4,3.3,3.2,3.3,3.1,3.1,3.2,2.9,2.7,2.5,2.3,2.1,1.9,1.9,2.1,2.1,2.1,2.4,2.3,2.5,3.0,3.3,3.4
Ku-ring-gai (A),14500,1.9,2.0,2.3,2.5,2.8,3.0,3.2,3.1,3.1,2.9,2.9,3.1,3.1,3.0,3.1,3.1,3.1,3.0,2.7,2.5,2.4,2.6,2.8,3.0,3.0,3.0,3.0,3.0,2.9,2.8,2.6,2.3,2.4,2.3,2.3,2.4,2.3,2.6,3.5,4.1
Kyogle (A),14550,8.0,7.9,7.5,7.2,6.8,6.7,6.6,6.6,6.9,8.0,8.5,8.9,9.1,8.4,8.6,9.8,10.9,11.7,12.4,11.8,11.2,10.0,9.1,8.1,7.7,7.5,6.9,6.4,6.8,7.2,7.1,7.0,5.9,6.1,6.1,6.3,6.1,5.9,6.1,6.2
Lachlan (A),14600,4.7,4.6,4.9,4.6,5.1,5.5,5.8,6.6,6.5,6.7,6.6,6.4,6.1,5.9,6.0,6.3,7.1,7.7,8.6,8.2,7.2,6.7,5.3,5.2,5.7,5.4,5.5,5.1,5.1,6.2,7.0,7.8,7.3,6.3,5.1,4.8,4.9,5.2,6.1,6.0
Lake Macquarie (C),14650,4.7,4.7,4.6,4.6,4.9,5.2,5.5,5.6,5.6,5.7,5.6,5.1,5.2,5.0,5.7,6.8,7.4,7.6,6.9,6.4,5.8,5.6,5.8,5.5,5.4,5.3,5.2,5.2,5.3,5.3,5.5,5.3,5.0,4.7,4.1,4.3,4.5,5.7,6.8,7.5
Lane Cove (A),14700,2.6,2.8,3.0,3.3,3.5,3.6,3.7,3.6,3.5,3.3,3.3,3.4,3.3,3.2,3.3,3.5,3.7,3.7,3.4,3.1,2.8,3.0,3.2,3.4,3.5,3.3,3.3,3.2,3.1,3.0,2.8,2.6,2.7,2.7,2.7,2.7,2.4,2.7,3.6,4.3
Leeton (A),14750,7.9,7.9,8.0,7.6,6.4,6.6,6.2,6.3,6.9,7.3,7.3,7.8,7.5,6.8,6.3,5.4,5.4,5.1,5.1,4.6,3.5,3.6,4.0,4.5,4.8,5.2,4.9,4.9,5.7,6.2,6.3,5.8,4.9,3.9,3.8,4.5,4.9,5.3,5.9,5.3
Lismore (C),14850,6.9,6.8,6.3,5.9,5.8,5.7,5.8,6.2,6.6,7.5,7.9,8.0,8.0,7.4,7.7,8.9,10.0,10.6,11.1,10.5,9.7,8.6,7.7,6.8,6.7,6.6,6.1,5.6,5.8,6.0,5.9,5.8,4.9,5.1,5.2,5.4,5.3,5.2,5.3,5.4
Lithgow (C),14870,6.0,5.9,6.3,6.2,7.5,8.4,9.1,10.3,10.0,10.1,9.9,9.7,9.1,8.9,9.1,9.3,10.2,11.0,11.7,11.1,9.6,8.6,6.8,6.3,6.7,6.1,6.2,5.8,5.6,6.6,7.4,7.8,7.2,6.0,4.7,4.3,4.3,4.7,5.5,5.5
Liverpool (C),14900,6.2,6.1,6.0,6.1,6.4,6.8,7.1,6.8,6.6,6.2,6.4,7.0,7.4,7.5,7.2,6.2,5.7,5.2,4.9,5.0,5.1,5.4,5.7,5.6,5.5,5.2,4.9,4.9,4.8,4.9,4.9,5.1,5.1,4.8,4.8,5.0,5.4,5.9,6.8,7.4
Liverpool Plains (A),14920,7.3,8.0,8.6,8.5,7.9,7.3,6.8,6.5,7.0,7.0,7.0,7.2,6.7,7.7,8.1,8.1,9.2,8.9,9.1,9.4,9.1,8.3,8.1,7.4,6.9,6.8,6.2,6.2,5.9,6.6,6.9,6.8,6.8,5.7,4.8,4.6,5.0,5.4,6.3,6.3
Lockhart (A),14950,3.8,3.7,3.6,3.4,2.9,3.0,2.7,2.9,3.2,3.6,3.7,4.0,3.8,3.6,3.4,3.1,3.2,3.1,3.0,2.8,2.1,2.2,2.5,2.7,2.8,2.9,2.6,2.5,3.0,3.2,3.2,2.9,2.4,1.9,1.9,2.3,2.6,3.0,3.5,3.2
Maitland (C),15050,3.6,3.5,3.3,3.3,2.9,2.7,2.9,3.0,3.4,4.0,4.0,4.2,4.7,5.3,6.1,7.0,8.1,8.6,8.9,8.7,7.1,6.0,5.1,4.2,4.3,4.0,4.1,4.2,4.6,5.0,4.8,5.0,4.7,4.7,4.5,4.2,3.9,4.0,4.7,5.4
Mid-Coast (A),15240,7.9,7.4,7.6,6.8,5.4,5.1,4.8,5.9,6.4,6.2,6.2,6.1,7.0,8.2,8.5,8.2,8.3,8.9,9.4,9.8,9.3,8.5,7.2,6.6,6.2,5.5,6.0,5.8,5.6,5.7,5.1,5.4,5.9,6.0,6.6,6.6,7.1,8.0,8.7,8.5
Mid-Western Regional (A),15270,5.4,5.3,5.5,5.2,6.0,6.5,6.9,7.6,7.0,7.0,6.8,6.7,6.4,6.2,6.3,6.4,7.0,7.6,8.2,8.0,7.1,6.6,5.3,4.9,5.1,4.6,4.7,4.3,4.2,5.0,5.6,6.0,5.4,4.5,3.4,3.1,3.4,3.8,4.6,4.7
Moree Plains (A),15300,8.8,9.6,10.5,10.4,9.6,9.0,8.4,7.7,7.9,7.5,7.2,7.3,6.8,7.7,8.7,9.1,10.6,10.6,10.7,10.8,10.6,9.8,9.7,9.2,8.4,8.3,7.5,7.4,7.2,8.1,8.6,8.5,8.2,6.7,5.6,5.3,6.0,6.4,7.5,7.5
Mosman (A),15350,2.3,2.2,2.2,2.2,2.3,2.5,2.7,2.6,2.6,2.5,2.6,2.7,2.8,2.8,2.9,3.0,3.0,3.0,2.7,2.3,2.1,2.3,2.5,2.7,2.8,2.7,2.5,2.5,2.4,2.3,2.3,2.1,2.3,2.2,2.3,2.4,2.2,2.7,3.7,4.4
Murray River (A),15520,3.9,3.5,3.6,4.5,5.4,5.0,3.9,2.8,1.8,1.8,2.4,3.7,4.8,5.8,6.3,7.0,7.5,6.9,6.0,5.0,4.4,4.1,4.0,3.6,3.1,3.0,3.7,4.3,4.7,5.0,4.6,4.1,3.4,3.1,2.9,2.5,2.4,2.5,2.7,3.2
Murrumbidgee (A),15560,4.7,4.5,4.7,4.9,4.6,4.6,3.9,3.4,3.3,3.4,3.7,4.4,4.6,4.7,4.6,4.4,4.7,4.6,4.3,3.9,3.4,3.3,3.4,3.4,3.3,3.4,3.5,4.0,4.6,4.9,4.7,4.1,3.2,2.6,2.4,2.6,2.8,3.2,3.6,3.6
Muswellbrook (A),15650,3.8,4.0,3.8,3.8,3.2,2.9,3.1,3.1,3.5,4.1,4.1,4.3,5.1,6.0,7.5,9.0,11.1,12.4,13.4,13.5,11.3,9.4,7.7,6.3,6.6,6.3,6.5,6.5,7.1,7.7,7.4,7.8,7.3,7.3,7.2,6.6,6.0,5.7,6.3,7.0
Nambucca Valley (A),15700,10.3,9.5,9.9,8.7,7.0,6.5,6.1,7.7,8.3,8.0,8.0,7.9,8.7,10.0,10.1,9.4,9.3,9.7,10.2,10.6,10.0,9.4,8.0,7.4,7.2,6.5,7.2,7.2,6.9,7.0,6.2,6.6,7.4,7.6,8.3,8.3,9.1,10.3,11.2,10.8
Narrabri (A),15750,6.0,6.6,6.9,6.8,6.0,5.4,5.2,4.8,5.1,5.0,4.9,5.2,5.0,5.9,6.7,7.0,8.0,7.8,7.7,7.8,7.5,7.0,7.1,6.8,6.4,6.5,5.8,5.7,5.3,5.8,6.2,6.1,5.9,4.9,4.2,4.1,4.7,5.0,5.8,5.8
Narrandera (A),15800,8.8,8.5,8.3,7.6,6.4,6.7,6.3,6.5,7.1,7.6,7.8,8.3,8.1,7.4,6.8,5.8,5.7,5.4,5.4,5.0,4.0,4.4,5.1,5.8,6.2,7.0,6.4,6.6,8.0,8.7,8.9,8.1,6.7,5.2,5.0,5.9,6.3,6.7,7.4,6.5
Narromine (A),15850,4.9,4.6,4.0,3.5,3.5,3.3,3.1,2.9,2.8,2.5,3.0,4.4,4.6,5.3,4.4,4.2,4.9,4.6,4.9,4.0,4.0,4.5,5.2,5.1,4.1,3.4,2.7,2.5,3.1,2.8,2.7,2.7,2.4,2.8,2.8,2.7,2.3,1.6,1.6,2.4
Newcastle (C),15900,5.1,5.0,5.0,4.9,5.2,5.6,6.1,6.2,6.3,6.4,6.2,5.7,5.7,5.4,6.2,7.3,7.9,8.2,7.5,7.0,6.3,6.3,6.5,6.3,6.1,6.0,5.8,5.8,5.8,5.8,5.9,5.6,5.2,4.9,4.3,4.6,4.7,6.0,7.2,7.9
North Sydney (A),15950,2.4,2.6,2.8,3.0,3.2,3.3,3.4,3.3,3.2,3.0,3.0,3.0,3.0,2.9,2.9,3.1,3.1,3.1,2.8,2.6,2.6,2.8,3.0,3.1,3.2,3.1,3.0,3.1,2.9,2.9,2.7,2.5,2.6,2.5,2.5,2.6,2.4,2.6,3.6,4.1
Northern Beaches (A),15990,3.4,3.6,3.4,3.4,3.3,3.2,3.1,3.0,3.1,3.1,3.2,3.3,3.5,3.3,3.3,3.0,2.6,2.7,2.6,2.6,2.7,2.9,2.9,3.1,2.6,2.2,2.2,2.4,3.0,3.2,3.2,2.6,2.4,2.7,3.0,3.8,4.0,4.3,4.6,4.4
Oberon (A),16100,3.6,3.8,4.1,4.1,4.6,5.0,5.1,5.7,5.4,5.5,5.4,5.3,5.1,5.0,5.1,5.2,5.6,5.8,6.1,5.8,5.0,4.6,3.8,3.5,3.8,3.5,3.4,3.0,2.6,3.1,3.5,3.9,3.6,3.0,2.4,2.2,2.3,2.7,3.4,3.5
Orange (C),16150,4.5,4.3,4.4,4.0,4.2,4.5,4.8,5.4,5.4,5.7,5.8,5.8,5.5,5.3,5.5,5.6,6.3,6.7,7.2,6.8,5.9,5.5,4.5,4.3,4.6,4.3,4.3,3.9,3.8,4.5,5.2,5.7,5.2,4.4,3.5,3.2,3.4,3.7,4.3,4.3
Parkes (A),16200,5.7,5.7,5.7,5.4,5.9,6.4,6.9,7.9,7.8,8.0,7.9,7.8,7.5,7.3,7.6,7.9,8.9,9.5,10.4,10.1,8.8,8.4,6.8,6.5,6.8,6.1,6.1,5.5,5.3,6.3,7.1,7.6,7.0,5.9,4.6,4.2,4.4,4.6,5.5,5.4
Parramatta (C),16260,3.9,3.7,3.6,3.7,3.8,3.6,3.3,3.3,3.7,4.1,4.8,5.1,5.0,4.9,4.8,4.3,4.1,4.0,4.0,4.3,4.2,4.3,3.9,3.6,3.8,3.6,3.6,3.3,3.2,3.4,3.6,4.0,4.0,4.1,4.2,4.0,4.0,4.4,4.8,5.5
Penrith (C),16350,6.2,6.2,6.1,5.8,5.7,5.7,5.6,5.7,6.0,6.2,6.2,6.5,6.5,6.6,6.7,6.6,6.2,5.4,5.1,4.3,4.3,4.1,4.0,4.2,3.9,4.4,4.6,4.8,4.8,4.1,3.6,3.4,3.5,4.2,4.7,5.2,5.5,5.8,6.0,5.8
Port Macquarie-Hastings (A),16380,5.5,5.3,5.5,4.9,4.0,3.7,3.5,4.3,4.6,4.5,4.5,4.5,5.1,5.9,6.0,5.7,5.7,6.1,6.4,6.6,6.2,5.7,4.8,4.4,4.2,3.7,4.0,3.8,3.6,3.7,3.3,3.6,3.9,4.0,4.4,4.4,4.8,5.6,6.3,6.2
Port Stephens (A),16400,4.6,4.6,4.3,4.3,3.6,3.3,3.6,3.8,4.4,5.1,5.0,5.1,5.6,6.0,6.9,7.7,8.8,9.4,9.8,9.7,8.0,6.7,5.5,4.5,4.6,4.3,4.5,4.7,5.2,5.7,5.5,5.8,5.5,5.6,5.4,5.1,4.6,4.8,5.7,6.6
Queanbeyan-Palerang Regional (A),16490,1.4,1.2,1.1,1.2,1.2,1.3,1.5,1.4,1.7,1.8,1.8,1.9,2.6,2.9,2.9,2.7,2.1,1.7,1.8,1.9,2.0,2.0,1.9,2.0,2.2,2.2,2.5,2.4,2.2,2.4,2.4,2.5,2.3,2.1,1.9,1.7,1.8,2.0,2.1,2.3
Randwick (C),16550,3.2,3.6,4.2,4.4,4.9,4.9,4.6,4.0,3.1,2.9,3.4,3.5,3.7,3.5,3.3,3.8,4.2,4.6,4.2,3.6,3.4,3.4,3.9,3.8,3.8,3.5,3.0,3.0,2.6,3.0,3.9,4.2,4.6,4.4,3.9,4.0,3.9,4.7,5.4,5.7
Richmond Valley (A),16610,8.2,8.1,7.6,7.1,6.7,6.4,6.5,6.9,7.4,8.5,9.0,9.0,8.9,8.2,8.4,9.6,10.7,11.4,12.0,11.4,10.8,9.7,8.8,8.1,7.9,7.7,7.1,6.4,6.7,7.1,6.9,6.8,5.5,5.7,5.7,6.0,5.9,5.8,5.8,5.9
Ryde (C),16700,5.8,5.6,5.2,5.3,5.1,5.4,5.0,5.4,5.1,5.1,5.8,5.8,6.5,5.9,6.2,5.8,5.9,6.2,6.2,6.7,6.9,7.3,6.9,6.9,6.4,5.6,5.7,4.7,4.5,4.5,3.9,4.2,4.0,4.1,4.5,4.7,5.2,5.9,6.2,6.2
Shellharbour (C),16900,7.6,7.4,7.3,7.0,6.6,7.3,7.8,7.8,7.8,7.2,7.1,6.9,6.9,6.6,6.1,6.0,6.2,7.1,7.0,6.8,7.2,6.8,7.0,7.3,6.6,6.2,5.8,5.5,5.3,5.0,4.9,5.3,5.2,5.4,6.1,6.2,7.0,7.8,7.9,7.7
Shoalhaven (C),16950,7.8,7.7,7.9,7.9,8.6,8.1,7.9,8.2,9.5,11.5,11.2,10.4,8.7,7.1,7.9,8.7,9.1,9.8,8.8,8.7,8.8,8.1,8.8,9.0,8.5,8.6,8.8,9.3,10.7,10.5,9.5,7.7,6.6,8.3,10.3,11.2,10.4,7.9,6.4,5.9
Singleton (A),17000,2.2,2.2,2.1,2.0,1.7,1.6,1.7,1.9,2.2,2.7,2.8,3.0,3.5,3.8,4.5,5.1,6.2,6.7,7.1,7.1,5.8,4.9,4.1,3.5,3.7,3.5,3.7,3.7,4.1,4.4,4.2,4.5,4.3,4.4,4.2,3.9,3.4,3.4,3.9,4.4
Snowy Monaro Regional (A),17040,2.8,2.2,2.0,2.2,2.3,2.4,2.6,2.6,3.0,3.2,3.1,3.4,4.3,4.7,4.7,4.2,3.3,2.6,2.7,2.9,2.9,3.0,2.8,3.0,3.6,3.9,4.5,4.4,3.9,4.0,4.1,4.2,4.1,3.8,3.5,3.1,3.1,3.6,3.6,4.0
Snowy Valleys (A),17080,6.5,6.4,6.4,6.2,5.3,5.5,5.1,5.1,5.6,6.3,6.4,6.8,6.5,5.7,5.3,4.6,4.5,4.5,4.6,4.2,3.3,3.5,3.8,4.2,4.5,4.9,4.6,4.6,5.4,5.7,5.7,5.1,4.1,3.2,3.2,4.0,4.8,5.4,6.0,5.3
Strathfield (A),17100,4.7,5.1,5.4,5.9,5.9,5.8,5.7,5.0,5.0,4.4,4.2,4.4,4.2,4.2,3.8,3.7,3.9,4.0,4.3,4.1,3.9,3.9,4.1,4.2,4.3,4.4,4.3,4.5,4.7,4.6,4.3,3.8,3.0,2.5,2.3,2.2,2.8,3.9,5.5,6.7
Sutherland Shire (A),17150,3.5,3.2,3.2,3.3,3.4,3.4,3.3,3.1,2.9,2.9,2.7,2.8,2.9,2.9,3.4,3.5,3.6,4.0,4.3,4.2,4.5,4.5,3.8,3.7,3.2,2.9,3.0,2.8,2.7,2.8,2.8,2.5,2.0,2.1,2.2,2.3,2.6,2.7,3.3,3.1
Sydney (C),17200,3.3,3.5,3.4,3.9,4.1,3.9,3.6,3.2,3.2,3.2,3.9,4.5,4.4,4.4,4.4,4.4,4.6,4.8,4.9,4.4,4.4,4.4,3.8,4.1,3.9,3.9,4.2,3.9,3.9,3.8,3.5,3.0,2.5,2.5,2.5,2.8,3.2,3.9,5.0,5.9
Tamworth Regional (A),17310,6.4,7.0,7.6,7.7,7.0,6.5,6.1,5.7,5.9,5.8,5.7,5.7,5.4,6.1,6.7,6.9,7.9,7.9,7.9,8.1,7.9,7.3,7.3,7.0,6.6,6.5,5.9,5.8,5.5,6.1,6.3,6.2,5.9,4.7,4.0,3.7,4.3,4.7,5.8,5.9
Temora (A),17350,7.5,6.9,6.5,6.2,5.7,6.0,5.5,5.5,5.7,6.0,6.0,6.4,6.1,5.6,5.2,4.6,4.6,4.4,4.4,4.1,3.3,3.7,4.4,5.0,5.3,5.9,5.4,5.4,6.3,6.2,6.1,5.5,4.6,3.7,3.6,4.1,4.4,4.8,5.3,4.8
Tenterfield (A),17400,8.9,10.4,12.0,12.5,11.9,11.1,9.9,9.1,9.4,9.2,9.1,9.4,8.9,10.2,11.0,11.2,12.5,12.2,12.2,12.5,12.2,11.2,11.0,10.3,9.5,9.5,8.5,8.6,8.3,9.3,9.8,9.2,8.8,7.0,5.7,5.6,6.5,7.1,8.6,8.7
The Hills Shire (A),17420,3.4,2.9,2.9,2.8,2.6,2.8,3.0,2.9,3.2,3.7,4.0,4.7,4.8,4.7,4.5,4.3,4.2,4.0,3.8,3.4,3.9,4.1,4.4,4.7,4.3,3.9,3.5,3.1,2.7,2.5,2.5,2.6,2.6,2.7,2.6,2.4,2.8,3.4,4.8,5.9
Tweed (A),17550,6.1,6.0,5.6,5.4,5.2,5.0,5.1,5.4,5.8,6.7,7.0,7.1,7.0,6.5,6.7,7.6,8.3,8.7,9.0,8.2,7.4,6.5,5.6,5.0,4.9,4.7,4.4,4.0,4.2,4.4,4.4,4.3,3.6,3.7,3.7,3.9,3.8,4.1,4.5,4.8
Upper Hunter Shire (A),17620,2.5,2.5,2.3,2.4,2.1,1.9,2.0,2.0,2.2,2.6,2.7,2.9,3.4,3.9,4.6,5.1,5.9,6.5,6.8,6.8,5.5,4.5,3.7,3.0,3.0,2.8,2.9,3.0,3.4,3.8,3.7,3.8,3.5,3.5,3.5,3.2,3.0,3.0,3.4,3.8
Upper Lachlan Shire (A),17640,2.0,1.7,1.6,1.7,1.8,1.8,2.0,2.0,2.4,2.6,2.6,2.8,3.6,3.9,3.9,3.5,2.8,2.3,2.3,2.4,2.4,2.4,2.3,2.3,2.6,2.7,3.0,2.9,2.6,2.8,3.0,3.2,3.0,2.8,2.7,2.5,2.5,2.8,2.7,2.9
Uralla (A),17650,4.4,4.8,5.3,5.4,5.0,4.6,4.2,3.9,4.1,4.1,4.1,4.1,4.0,4.6,5.2,5.4,6.0,5.8,5.7,5.9,5.8,5.5,5.5,5.1,4.9,4.7,4.1,4.0,3.8,4.3,4.5,4.2,3.9,3.1,2.5,2.4,2.9,3.2,4.0,4.2
Wagga Wagga (C),17750,6.4,6.3,6.3,6.0,5.1,5.2,4.8,4.9,5.3,5.6,5.6,5.9,5.7,5.2,4.9,4.4,4.4,4.3,4.2,3.9,3.1,3.3,3.7,4.2,4.6,5.0,4.7,4.7,5.7,6.0,6.0,5.5,4.6,3.6,3.7,4.5,5.2,5.7,6.2,5.4
Walcha (A),17850,5.1,5.3,5.6,5.5,5.0,4.6,4.2,4.0,4.3,4.1,4.2,4.4,4.2,5.1,5.7,5.7,6.4,6.1,6.0,6.1,6.0,5.4,5.0,4.4,3.9,3.9,3.8,3.8,3.8,4.4,4.6,4.6,4.3,3.4,2.6,2.3,2.6,2.8,3.6,3.8
Walgett (A),17900,13.0,11.8,11.1,10.2,10.6,10.3,9.3,8.5,8.1,7.2,8.9,12.9,13.4,15.9,13.0,12.1,13.6,12.2,12.8,10.0,9.6,10.4,11.7,11.4,9.2,7.9,6.6,6.3,7.8,7.1,6.5,6.6,5.5,6.7,7.2,7.0,6.1,4.2,3.6,5.2
Warren (A),17950,5.4,5.2,4.7,4.3,4.4,4.3,4.0,3.6,3.5,3.0,3.6,5.1,5.2,6.4,5.4,5.3,6.1,5.6,6.1,4.7,4.7,5.2,5.6,5.5,4.3,3.6,3.0,2.8,3.5,3.2,3.0,3.1,2.7,3.2,3.3,3.1,2.6,1.8,1.6,2.4
Warrumbungle Shire (A),18020,5.9,5.6,5.2,5.0,5.1,5.1,4.8,4.5,4.3,3.9,4.7,6.2,6.3,7.3,6.3,5.9,6.5,6.0,6.4,5.4,5.2,5.5,5.7,5.4,4.4,3.8,3.3,3.2,3.8,3.7,3.5,3.6,3.1,3.5,3.5,3.3,2.9,2.3,2.2,3.0
Waverley (A),18050,2.7,3.0,3.5,3.6,3.9,3.7,3.4,3.0,2.3,2.2,2.5,2.6,2.7,2.6,2.4,2.7,3.0,3.3,2.9,2.5,2.2,2.2,2.4,2.4,2.3,2.1,1.7,1.7,1.5,1.7,2.3,2.5,2.8,2.7,2.3,2.4,2.2,3.3,4.2,4.8
Weddin (A),18100,3.9,3.6,3.9,3.9,5.2,6.0,6.6,7.3,6.7,6.6,6.3,6.1,5.7,5.5,5.4,5.4,5.8,6.0,6.4,6.0,5.2,4.8,3.9,3.6,3.8,3.6,3.6,3.4,3.2,3.7,4.1,4.3,3.9,3.5,2.8,2.8,3.1,3.2,3.8,3.7
Wentworth (A),18200,7.7,6.9,7.5,9.5,11.5,11.0,8.6,6.3,4.0,3.8,4.8,7.7,9.9,11.6,12.6,13.7,15.1,14.4,12.9,11.2,10.4,9.8,9.5,8.8,7.8,7.7,9.7,11.2,12.1,13.1,11.8,10.6,8.8,8.0,7.7,6.5,6.2,5.9,5.7,6.4
Willoughby (C),18250,3.3,3.4,3.7,4.0,4.3,4.5,4.6,4.5,4.4,4.1,4.1,4.1,4.2,4.2,4.3,4.5,4.5,4.4,4.1,3.7,3.6,3.8,4.1,4.4,4.4,4.3,4.2,4.2,4.1,4.1,3.9,3.5,3.5,3.4,3.4,3.4,3.0,3.2,4.1,4.7
Wingecarribee (A),18350,3.5,3.4,3.5,3.4,3.7,3.4,3.2,3.4,3.8,4.7,4.7,4.3,3.6,2.8,3.1,3.5,3.6,4.0,3.5,3.2,3.1,2.8,3.1,3.2,3.0,3.0,3.0,3.1,3.4,3.3,3.0,2.4,2.1,2.7,3.3,3.6,3.3,2.7,2.5,2.7
Wollondilly (A),18400,2.6,2.6,2.5,2.6,2.6,2.6,2.8,3.1,3.1,3.3,3.3,3.2,3.2,2.8,2.8,2.9,2.9,3.2,3.1,3.0,3.0,2.8,2.7,3.0,3.2,3.2,2.9,2.5,2.2,2.1,2.3,2.4,2.5,2.6,2.8,2.8,2.7,3.0,3.3,3.6
Wollongong (C),18450,7.1,6.9,6.8,6.5,6.3,7.0,7.6,7.7,7.7,7.1,7.0,6.9,7.0,6.7,6.0,5.8,5.9,6.8,6.7,6.5,6.9,6.4,6.6,6.8,6.3,5.9,5.6,5.3,5.0,4.7,4.6,5.0,4.9,5.0,5.6,5.6,6.2,6.9,7.0,6.9
Woollahra (A),18500,1.8,2.1,2.4,2.5,2.7,2.7,2.5,2.2,1.7,1.6,1.8,1.9,2.0,1.9,1.8,2.1,2.3,2.4,2.2,1.8,1.7,1.6,1.8,1.7,1.7,1.5,1.3,1.2,1.1,1.2,1.6,1.7,1.9,1.8,1.5,1.6,1.6,2.6,3.5,4.1
Yass Valley (A),18710,1.4,1.1,1.0,1.1,1.1,1.2,1.4,1.4,1.7,1.8,1.7,1.7,2.1,2.3,2.3,2.0,1.6,1.3,1.4,1.6,1.7,1.8,1.7,1.8,2.1,2.2,2.6,2.6,2.3,2.5,2.5,2.6,2.5,2.3,2.1,1.9,1.9,2.2,2.2,2.4
Unincorporated NSW,19399,6.4,5.6,4.9,4.6,4.8,4.9,4.9,4.6,4.4,3.8,4.6,6.6,6.8,7.9,6.7,6.3,7.0,6.4,6.6,5.0,4.6,4.8,5.3,5.2,4.2,3.3,2.9,2.6,3.1,2.8,2.6,2.6,2.2,2.6,2.5,2.2,1.9,1.7,2.0,2.8
Alpine (S),20110,4.3,4.8,4.8,4.8,4.7,4.3,4.3,4.6,4.9,5.1,4.9,4.3,3.8,3.8,3.9,3.9,4.2,4.3,4.2,4.0,4.0,3.6,3.7,3.8,3.6,3.3,2.7,2.5,2.5,2.5,2.5,2.4,2.2,2.1,2.1,2.4,2.6,2.4,3.0,2.9
Ararat (RC),20260,5.5,5.0,4.3,4.1,3.9,3.7,4.1,4.2,4.1,4.4,4.0,4.5,4.8,5.2,5.7,5.5,5.8,6.0,6.7,7.1,7.5,6.9,5.6,5.2,5.6,5.7,6.0,5.9,5.1,4.4,4.4,4.1,4.0,4.9,4.9,5.2,4.7,4.2,3.6,3.2
Ballarat (C),20570,7.0,7.0,6.7,6.2,6.0,5.6,5.4,6.3,6.8,6.9,6.3,5.1,4.8,4.5,5.0,6.1,5.5,5.2,5.5,5.3,5.9,6.5,6.5,5.3,4.6,4.4,3.8,4.2,4.8,4.7,4.6,4.5,4.6,4.1,4.1,3.7,3.2,3.9,4.9,6.1
Banyule (C),20660,3.3,3.4,3.5,3.9,4.1,4.2,4.3,4.3,4.4,4.4,4.2,4.3,4.7,5.2,5.5,5.5,5.3,5.0,5.0,4.8,4.3,3.8,3.6,3.8,4.2,4.6,4.6,4.3,3.7,3.5,3.3,3.3,3.5,3.3,3.3,3.2,3.2,3.6,4.3,5.0
Bass Coast (S),20740,5.0,4.8,4.6,4.3,4.3,4.5,4.5,4.6,4.7,4.6,4.8,5.4,5.9,6.2,6.1,6.1,5.8,5.7,6.3,6.6,7.5,8.5,8.6,8.5,7.8,7.3,7.0,6.9,6.9,7.0,6.5,5.4,4.8,3.7,3.6,3.6,3.8,4.4,4.9,6.1
Baw Baw (S),20830,3.6,3.5,3.6,3.3,3.5,3.7,3.7,3.7,3.6,3.4,3.4,3.8,4.0,4.1,4.0,3.9,3.7,3.6,4.0,4.2,4.7,5.4,5.5,5.4,4.9,4.6,4.5,4.5,4.5,4.7,4.5,3.8,3.4,2.6,2.4,2.4,2.5,2.9,3.3,4.1
Bayside (C),20910,2.7,2.6,2.8,2.9,3.3,3.3,3.6,3.9,4.2,4.1,4.0,3.8,3.5,3.7,3.9,4.3,4.2,4.0,3.5,3.2,3.3,3.3,3.3,3.3,3.1,3.3,3.5,3.5,3.4,3.3,3.0,2.7,2.8,2.8,2.8,2.8,3.0,3.7,4.3,5.0
Benalla (RC),21010,6.3,6.7,6.4,6.1,5.9,5.7,6.1,6.7,7.6,7.9,7.7,7.0,6.0,6.1,6.2,6.3,7.1,7.5,7.4,7.0,6.6,5.8,6.0,6.0,5.6,5.3,4.3,4.2,4.2,4.3,4.3,4.4,4.5,4.4,4.6,5.1,4.9,4.2,4.4,3.6
Boroondara (C),21110,3.0,3.1,3.3,3.1,3.1,3.1,3.1,3.0,3.2,3.1,3.2,3.6,4.1,4.4,4.4,4.1,3.9,4.0,4.2,4.0,4.0,3.9,3.8,4.2,4.0,4.0,4.0,4.0,4.0,3.9,3.7,3.3,2.9,2.9,3.0,3.1,3.3,3.7,3.8,4.3
Brimbank (C),21180,7.8,8.1,8.8,9.5,10.0,10.5,10.4,10.2,10.6,10.2,9.9,9.6,9.2,9.4,9.9,10.1,10.3,10.1,10.0,10.2,10.2,10.2,10.3,10.4,11.0,11.5,11.9,11.9,11.7,11.3,10.5,9.6,8.8,8.6,8.4,8.4,8.8,9.4,10.1,11.1
Buloke (S),21270,4.5,3.9,3.3,3.0,2.8,2.6,2.7,2.5,2.5,2.7,2.6,3.1,3.3,3.5,3.8,3.6,4.0,4.4,5.0,5.3,5.5,5.0,3.9,3.7,4.1,4.1,4.5,4.4,3.8,3.4,3.4,3.3,3.3,4.1,4.1,4.1,3.5,3.0,2.5,2.3
Campaspe (S),21370,6.9,6.9,6.0,5.3,5.4,5.4,5.6,5.8,5.0,4.3,4.0,4.0,4.6,6.0,6.4,6.9,6.7,6.4,5.6,5.3,5.1,4.2,5.0,5.0,5.4,6.1,5.7,6.0,5.7,5.1,5.2,4.6,3.9,3.9,3.7,3.4,4.4,4.9,5.7,5.8
Cardinia (S),21450,5.3,4.8,4.8,4.7,4.7,5.0,5.1,5.3,5.4,5.7,5.9,5.9,6.0,5.8,6.0,6.2,6.4,6.7,6.6,6.8,6.9,7.0,6.9,6.5,6.5,6.2,6.3,6.5,6.4,6.4,5.8,5.4,4.9,4.9,5.5,5.9,6.3,6.9,7.0,7.2
Casey (C),21610,6.4,5.8,5.7,5.8,5.8,6.1,6.2,6.3,6.3,6.6,6.8,6.8,6.9,6.7,7.0,7.4,7.6,7.9,7.7,7.8,7.9,8.0,7.9,7.4,7.2,6.7,6.7,6.9,6.8,6.8,6.1,5.8,5.3,5.3,6.0,6.5,6.9,7.7,7.8,8.0
Central Goldfields (S),21670,11.4,11.1,10.5,10.0,9.8,9.2,8.8,10.0,10.7,10.8,9.7,8.1,7.7,7.3,8.4,10.2,9.3,8.9,9.6,9.4,10.3,11.6,11.6,9.5,8.4,7.7,6.7,7.3,8.0,7.7,7.5,7.3,7.8,7.3,7.6,7.0,6.2,7.2,8.3,10.4
Colac-Otway (S),21750,6.0,6.3,6.4,6.2,5.9,5.9,6.5,6.4,6.5,6.7,6.6,6.5,6.4,7.2,7.7,7.4,6.9,5.5,3.5,3.1,3.1,3.6,4.4,4.8,4.5,4.1,3.8,3.4,3.0,2.9,3.2,3.1,3.2,2.7,2.3,2.5,2.5,2.7,2.9,2.9
Corangamite (S),21830,4.5,4.7,4.7,4.5,4.0,3.8,3.8,3.6,3.6,3.7,3.9,4.0,4.0,4.6,5.0,4.8,4.5,3.6,2.3,2.0,2.3,2.7,3.4,3.7,3.6,3.3,3.1,2.9,2.5,2.5,2.8,2.8,2.8,2.5,2.1,2.4,2.5,2.6,2.6,2.5
Darebin (C),21890,5.4,5.4,5.4,5.8,6.3,6.6,6.8,6.6,6.6,6.7,6.8,7.2,8.0,8.2,8.3,8.3,7.8,7.6,7.6,7.2,6.7,6.1,5.6,5.8,6.2,6.7,6.9,6.6,6.0,5.7,5.4,5.3,5.5,5.2,5.1,5.1,5.1,5.6,6.4,7.2
East Gippsland (S),22110,5.9,5.7,5.7,5.3,5.4,5.6,5.7,5.7,5.7,5.3,5.3,5.8,6.2,6.5,6.4,6.4,6.1,5.9,6.6,6.9,7.9,9.0,9.2,9.4,8.6,8.1,7.9,7.7,7.8,8.2,7.8,6.8,6.1,4.7,4.4,4.5,4.7,5.2,5.4,6.3
Frankston (C),22170,5.7,5.9,6.4,6.5,6.6,6.8,6.4,6.4,6.4,6.5,6.8,7.1,7.1,7.2,7.7,7.8,8.3,7.9,7.7,7.0,6.2,6.1,5.6,6.1,6.2,6.7,7.3,6.8,7.0,6.6,5.9,5.6,5.4,5.3,5.7,6.1,6.1,6.3,6.3,6.2
Gannawarra (S),22250,5.0,4.5,3.9,3.8,3.7,3.4,3.5,3.3,3.1,3.3,3.0,3.3,3.5,3.6,4.0,3.9,4.1,4.2,4.6,4.6,4.9,4.5,3.6,3.5,3.9,3.8,4.1,4.0,3.7,3.4,3.5,3.4,3.3,4.2,4.3,4.4,3.8,3.4,2.9,2.7
Glen Eira (C),22310,3.5,3.3,3.4,3.6,3.9,3.9,4.3,4.8,5.3,5.3,5.2,5.1,4.7,4.9,5.2,5.6,5.5,5.2,4.6,4.2,4.3,4.2,4.2,4.1,3.8,4.1,4.2,4.2,4.0,3.7,3.3,3.0,3.1,3.1,3.3,3.2,3.5,4.2,4.9,5.8
Glenelg (S),22410,7.7,8.0,7.9,7.6,6.8,6.4,6.6,6.4,6.5,6.8,7.1,7.0,7.0,8.1,8.6,8.3,7.9,6.4,4.2,3.8,4.2,4.9,6.1,6.7,6.3,5.7,5.2,4.8,4.2,4.2,4.7,4.8,5.1,4.5,3.8,4.1,4.3,4.3,4.4,4.0
Golden Plains (S),22490,4.3,4.1,3.7,3.5,3.5,3.2,3.2,3.6,3.7,4.0,3.7,3.3,3.2,3.1,3.6,4.1,4.1,4.0,3.8,3.3,3.5,3.5,3.5,3.4,3.2,3.1,3.0,3.1,3.2,3.1,3.1,3.1,3.2,3.0,2.8,2.4,2.1,2.4,2.9,3.4
Greater Bendigo (C),22620,6.8,5.5,4.9,4.6,4.7,5.2,5.8,6.2,7.0,7.6,7.4,7.4,6.9,6.9,7.5,7.5,7.7,7.1,7.2,7.5,7.1,7.2,5.8,4.4,4.4,4.4,5.4,7.1,7.6,7.5,6.4,5.3,4.2,3.6,3.7,4.0,4.6,5.2,5.5,5.3
Greater Dandenong (C),22670,10.9,9.9,9.9,10.0,10.0,10.4,10.4,10.5,10.5,11.1,11.4,11.4,11.5,11.1,11.5,11.7,11.8,12.1,11.7,12.1,12.1,12.2,11.9,11.0,10.8,10.2,10.3,10.4,10.2,10.1,9.0,8.4,7.9,7.7,8.6,9.3,9.5,10.2,10.0,9.9
Greater Geelong (C),22750,6.7,6.1,5.4,5.2,5.5,5.7,6.0,6.7,6.6,7.1,6.6,6.3,6.2,6.2,7.5,8.0,8.4,8.2,7.3,6.3,6.2,5.9,5.9,6.5,6.2,6.2,6.2,6.4,6.5,6.6,6.6,6.8,6.8,6.7,6.0,4.9,4.2,4.0,4.6,4.7
Greater Shepparton (C),22830,8.4,8.3,7.4,6.6,7.3,7.5,7.9,8.2,7.0,5.9,5.4,5.4,6.2,7.7,8.1,8.7,8.4,8.1,7.0,6.5,6.3,4.9,5.9,5.8,6.3,7.3,6.8,7.4,7.1,6.6,6.6,5.8,4.7,4.8,4.5,4.2,5.7,6.2,7.5,7.6
Hepburn (S),22910,6.3,6.2,5.9,5.6,5.4,5.0,4.9,5.6,6.0,6.1,5.4,4.5,4.2,3.7,4.0,4.7,4.2,3.9,4.1,4.1,4.7,5.4,5.3,4.4,3.7,3.4,2.9,3.2,3.4,3.2,3.1,3.0,3.2,3.0,3.0,2.8,2.3,3.1,4.2,5.5
Hindmarsh (S),22980,3.4,3.2,2.8,3.0,3.2,3.1,3.4,3.4,3.2,3.4,3.3,3.8,3.9,4.0,4.4,4.2,4.6,4.9,5.4,5.6,5.9,5.4,4.3,4.0,4.2,4.2,4.6,4.6,4.2,3.7,3.6,3.3,3.3,4.2,4.3,4.7,4.2,3.7,3.1,2.7
Hobsons Bay (C),23110,4.9,4.9,5.3,5.6,6.0,6.2,6.2,6.0,6.2,5.8,5.6,5.5,5.2,5.3,5.6,5.7,5.9,5.7,5.7,5.8,5.8,5.8,5.8,5.7,5.9,6.2,6.3,6.2,6.1,5.8,5.4,4.9,4.4,4.2,4.2,4.2,4.5,5.0,5.5,6.1
Horsham (RC),23190,4.6,4.3,3.7,3.4,3.3,3.0,3.2,3.1,3.0,3.1,3.0,3.3,3.5,3.8,4.1,4.0,4.2,4.3,4.7,4.9,5.0,4.5,3.5,3.4,3.8,3.9,4.2,4.2,3.8,3.4,3.4,3.2,3.1,3.9,4.0,4.1,3.7,3.3,2.9,2.6
Hume (C),23270,9.8,9.0,8.5,8.4,8.7,8.5,7.6,6.9,6.4,6.9,8.1,9.0,9.9,10.1,10.2,9.9,9.2,9.1,9.0,8.9,9.2,9.3,9.4,9.9,10.3,10.5,10.9,10.5,10.0,9.2,8.4,8.1,7.7,8.0,8.1,8.3,8.7,9.8,11.3,12.5
Indigo (S),23350,3.5,3.8,3.7,3.7,3.5,3.2,3.3,3.6,4.1,4.3,4.4,4.0,3.5,3.5,3.5,3.6,4.1,4.6,4.7,4.4,4.2,3.7,3.7,3.8,3.5,3.3,2.6,2.5,2.4,2.4,2.6,2.6,2.4,2.4,2.4,2.6,2.5,2.2,2.4,2.1
Kingston (C) (Vic.),23430,4.7,4.5,4.7,4.9,5.2,5.2,5.7,6.2,6.6,6.6,6.5,6.4,5.9,6.1,6.3,6.8,6.8,6.5,5.9,5.6,5.8,5.8,5.8,5.6,5.4,5.6,5.8,5.8,5.6,5.4,4.8,4.3,4.5,4.4,4.6,4.7,4.9,5.6,6.2,6.9
Knox (C),23670,4.0,4.0,4.0,3.9,3.9,4.0,4.1,4.0,4.2,4.2,4.2,4.8,5.3,5.5,5.8,5.8,5.4,5.2,5.1,4.8,4.7,4.7,4.6,4.4,4.3,4.2,4.0,3.9,3.8,3.8,3.9,3.9,3.8,3.4,3.1,3.0,3.1,3.9,4.7,5.7
Latrobe (C) (Vic.),23810,7.5,7.1,7.0,6.4,6.5,6.8,6.8,6.9,6.8,6.2,6.3,6.8,7.2,7.5,7.3,7.2,7.0,6.9,7.8,8.2,9.4,10.7,11.1,11.2,10.3,9.6,9.1,8.8,8.9,9.5,9.1,8.0,7.2,5.5,5.2,5.2,5.3,5.9,6.2,7.4
Loddon (S),23940,7.0,5.9,5.5,5.2,5.2,5.7,6.3,6.8,7.7,8.3,8.2,8.3,7.7,7.5,7.9,7.8,7.8,7.1,7.3,7.5,7.4,7.9,6.4,5.1,5.2,5.2,6.6,8.4,8.7,8.5,7.1,5.9,5.1,4.7,5.2,5.4,6.1,6.3,6.1,5.8
Macedon Ranges (S),24130,3.5,3.0,2.7,2.7,2.9,3.0,3.0,3.0,3.0,3.3,3.5,3.7,3.8,3.8,3.9,3.7,3.5,3.4,3.4,3.4,3.3,3.2,2.9,2.6,2.6,2.6,2.9,3.1,3.1,2.9,2.5,2.2,2.0,2.0,2.0,2.2,2.3,2.9,3.4,3.8
Manningham (C),24210,4.0,4.1,4.3,4.0,4.0,4.1,4.2,4.2,4.7,4.6,4.9,5.7,6.4,6.8,6.8,6.4,6.0,6.2,6.3,6.1,6.0,5.9,5.7,6.2,6.0,6.0,6.0,5.8,6.1,6.0,5.7,5.1,4.5,4.4,4.3,4.6,5.0,5.5,5.8,6.4
Mansfield (S),24250,3.3,3.7,3.6,3.6,3.5,3.1,3.3,3.5,3.9,4.2,4.2,4.0,3.5,3.5,3.5,3.4,3.7,3.9,3.7,3.5,3.5,3.2,3.4,3.4,3.1,2.8,2.2,2.0,2.0,2.1,2.2,2.2,2.0,1.9,1.9,2.3,2.4,2.2,2.6,2.4
Maribyrnong (C),24330,5.6,5.8,6.3,7.0,7.4,7.7,7.6,7.4,7.6,7.3,7.0,6.8,6.5,6.5,6.7,6.8,7.0,6.9,6.9,7.0,6.9,6.8,6.8,6.8,7.1,7.4,7.6,7.5,7.3,6.9,6.4,5.8,5.2,5.0,4.9,4.9,5.5,6.2,6.8,7.6
Maroondah (C),24410,4.4,4.4,4.4,4.3,4.3,4.5,4.6,4.6,4.8,4.9,5.0,5.7,6.2,6.4,6.5,6.4,5.9,5.6,5.6,5.4,5.3,5.3,5.1,4.9,5.0,4.9,4.6,4.4,4.2,4.1,4.2,4.1,4.1,3.8,3.6,3.6,3.7,4.4,5.1,6.0
Melbourne (C),24600,3.6,3.4,3.3,3.4,3.6,3.9,4.0,3.8,3.8,4.0,4.3,4.6,5.1,4.9,4.9,5.1,4.9,4.9,4.7,4.3,4.1,3.9,3.6,3.8,3.7,4.0,4.2,4.1,4.1,3.8,3.7,3.5,3.6,3.6,3.6,3.7,3.6,4.0,4.3,4.9
Melton (C),24650,5.3,5.5,5.9,6.3,6.7,7.1,7.1,7.1,7.3,7.0,6.9,6.8,6.6,6.8,7.3,7.7,8.0,7.8,7.8,7.9,7.9,7.9,8.0,8.1,8.7,9.1,9.5,9.5,9.3,8.8,8.0,7.3,6.6,6.6,6.6,6.7,7.5,8.1,8.8,9.7
Mildura (RC),24780,7.9,7.3,6.4,6.2,6.2,5.8,6.2,6.0,5.5,5.8,5.2,5.8,6.0,6.4,7.0,6.7,7.2,7.5,8.1,8.3,8.4,7.5,5.8,5.6,6.4,6.5,6.9,6.7,5.8,5.1,4.9,4.5,4.2,5.2,5.3,5.4,4.9,4.3,3.8,3.5
Mitchell (S),24850,5.2,5.5,5.4,5.5,5.5,5.3,5.5,5.9,6.4,6.6,6.4,6.0,5.7,6.1,6.5,6.9,7.4,7.7,7.7,7.4,6.8,5.9,5.7,5.8,5.9,5.9,5.3,4.9,4.5,4.4,4.4,4.3,4.1,3.8,3.9,4.2,4.5,4.5,5.2,5.4
Moira (S),24900,6.8,6.8,6.0,5.3,5.7,5.9,6.2,6.4,5.4,4.5,4.1,4.1,4.7,5.9,6.3,6.9,6.7,6.6,5.8,5.5,5.4,4.4,5.2,5.1,5.5,6.3,5.8,6.2,5.8,5.2,5.2,4.6,3.9,3.9,3.7,3.4,4.4,4.9,5.6,5.8
Monash (C),24970,3.4,3.1,3.1,3.1,3.0,3.1,3.2,3.2,3.2,3.4,3.4,3.4,3.5,3.4,3.6,3.8,3.8,4.0,3.8,3.9,3.9,4.0,3.9,3.6,3.5,3.3,3.2,3.3,3.3,3.3,3.0,2.8,2.6,2.5,2.7,2.9,3.0,3.7,4.0,4.4
Moonee Valley (C),25060,4.3,4.0,3.8,3.8,4.1,4.3,4.4,4.2,4.1,4.5,5.0,5.5,6.0,5.9,5.8,5.9,5.6,5.6,5.5,5.2,5.1,5.0,4.8,4.9,4.9,5.1,5.3,5.2,5.2,4.8,4.6,4.4,4.5,4.7,4.8,4.9,4.8,5.2,5.6,6.2
Moorabool (S),25150,4.4,4.5,4.6,4.9,5.1,5.3,5.2,5.3,5.4,5.2,4.9,4.7,4.6,4.8,5.3,5.7,5.8,5.7,5.8,6.0,6.2,6.3,6.4,6.0,6.1,6.2,6.2,6.3,6.4,6.1,5.8,5.4,4.9,4.7,4.6,4.6,5.0,5.5,6.1,6.8
Moreland (C),25250,6.1,5.6,5.4,5.5,5.9,6.2,6.1,5.8,5.7,6.1,6.8,7.5,8.1,7.9,7.7,7.7,7.2,7.2,7.1,6.6,6.5,6.3,6.1,6.3,6.3,6.6,6.9,6.7,6.5,6.0,5.8,5.4,5.4,5.5,5.4,5.5,5.4,6.1,6.8,7.6
Mornington Peninsula (S),25340,4.3,4.4,4.7,4.7,4.7,4.8,4.6,4.6,4.6,4.8,5.0,5.2,5.2,5.3,5.6,5.6,5.9,5.6,5.4,4.9,4.4,4.3,4.0,4.3,4.3,4.7,5.1,4.8,4.8,4.6,4.0,3.9,3.8,3.7,3.9,4.2,4.1,4.5,4.7,4.8
Mount Alexander (S),25430,6.3,5.0,4.6,4.5,4.6,5.1,5.7,6.0,6.8,7.2,7.0,7.0,6.4,6.4,6.9,7.1,7.1,6.5,6.6,6.9,6.7,7.0,5.6,4.3,4.1,3.8,4.6,6.0,6.2,6.1,5.1,4.1,3.2,2.7,2.8,3.0,3.5,4.1,4.5,4.5
Moyne (S),25490,3.8,4.0,4.0,3.9,3.5,3.3,3.4,3.4,3.6,3.8,4.0,3.9,3.7,4.1,4.4,4.1,3.9,3.1,2.0,1.8,2.0,2.3,2.9,3.3,3.2,3.0,2.9,2.7,2.4,2.3,2.5,2.5,2.5,2.2,1.9,2.1,2.3,2.4,2.5,2.5
Murrindindi (S),25620,4.2,4.5,4.4,4.5,4.5,4.4,4.5,4.6,5.0,5.1,5.0,4.8,4.5,4.7,4.8,4.9,5.1,5.3,5.2,5.0,4.8,4.3,4.5,4.6,4.4,4.3,3.7,3.5,3.4,3.3,3.4,3.3,3.1,3.0,3.1,3.5,3.7,3.6,4.2,4.3
Nillumbik (S),25710,1.7,1.7,1.8,1.9,2.1,2.2,2.3,2.3,2.3,2.4,2.3,2.4,2.7,3.0,3.2,3.2,3.0,2.8,2.8,2.7,2.4,2.1,2.1,2.3,2.5,2.7,2.7,2.5,2.2,2.1,2.0,2.0,2.1,1.9,1.9,1.8,1.8,2.2,2.8,3.4
Northern Grampians (S),25810,5.4,4.9,4.3,4.1,4.1,3.9,4.2,4.1,3.8,4.0,3.6,4.0,4.3,4.7,5.3,5.3,5.6,5.8,6.2,6.3,6.6,6.0,4.9,4.7,5.2,5.3,5.6,5.5,4.7,4.1,4.0,3.6,3.6,4.6,4.9,5.3,4.8,4.3,3.7,3.3
Port Phillip (C),25900,3.5,3.3,3.1,3.2,3.5,3.8,3.9,3.8,3.7,4.0,4.5,5.0,5.7,5.5,5.4,5.6,5.2,5.2,5.1,4.8,4.6,4.4,4.2,4.3,4.1,4.5,4.8,4.7,4.7,4.4,4.4,4.2,4.4,4.5,4.5,4.7,4.5,4.9,5.2,5.7
Pyrenees (S),25990,7.6,7.6,7.2,6.8,6.5,5.8,5.6,6.6,7.3,7.3,6.6,5.4,5.0,4.7,5.1,6.0,5.3,5.0,5.6,5.7,6.4,7.3,7.2,5.8,5.0,4.6,4.0,4.2,4.6,4.4,4.3,4.2,4.6,4.4,4.8,4.6,3.9,4.4,4.9,6.0
Queenscliffe (B),26080,-,-,-,-,-,-,-,-,-,-,-,-,-,-,-,-,-,-,-,-,-,-,-,-,-,-,-,-,-,-,-,-,-,-,-,-,1.7,2.1,2.7,3.1
South Gippsland (S),26170,3.4,3.3,3.2,3.0,3.1,3.2,3.3,3.3,3.2,3.0,3.1,3.4,3.7,3.9,3.8,3.8,3.5,3.3,3.8,3.9,4.4,5.1,5.2,5.2,4.7,4.4,4.3,4.2,4.3,4.4,4.2,3.6,3.1,2.4,2.2,2.2,2.3,2.7,3.0,3.8
Southern Grampians (S),26260,5.4,5.6,5.7,5.7,5.3,5.1,5.4,5.3,5.4,5.5,5.6,5.5,5.5,6.6,7.2,7.0,6.7,5.3,3.5,3.1,3.3,3.9,4.8,5.3,4.9,4.5,4.1,3.9,3.4,3.4,3.7,3.7,3.8,3.3,2.7,3.0,3.2,3.2,3.3,3.1
Stonnington (C),26350,2.7,2.6,2.6,2.7,2.9,3.0,3.2,3.2,3.4,3.5,3.7,3.9,4.1,4.1,4.2,4.3,4.1,4.1,3.8,3.5,3.3,3.1,2.9,2.9,2.9,3.1,3.2,3.2,3.1,2.9,2.7,2.4,2.5,2.6,2.6,2.7,2.7,3.3,3.9,4.6
Strathbogie (S),26430,4.3,4.7,4.6,4.6,4.5,4.4,4.6,5.0,5.7,6.0,5.9,5.3,4.6,4.4,4.3,4.3,4.8,5.2,5.2,4.9,4.7,4.4,4.6,4.8,4.5,4.1,3.1,2.9,2.8,2.9,3.1,3.1,3.0,3.0,3.2,3.5,3.6,3.1,3.3,2.9
Surf Coast (S),26490,3.0,2.8,2.4,2.4,2.5,2.6,2.8,3.0,3.0,3.4,3.3,3.2,3.2,3.1,3.6,3.8,3.9,3.8,3.4,2.9,2.8,2.7,2.7,3.0,2.8,2.7,2.5,2.5,2.4,2.4,2.3,2.3,2.3,2.2,2.0,1.7,1.5,1.9,2.5,2.9
Swan Hill (RC),26610,6.2,5.5,4.6,4.3,4.2,3.8,4.1,3.9,3.7,3.9,3.5,4.0,4.2,4.5,4.9,4.7,4.8,4.9,5.4,5.4,5.6,5.1,3.9,3.8,4.3,4.4,4.7,4.6,4.0,3.5,3.5,3.3,3.2,3.9,4.0,4.2,3.8,3.5,3.0,2.7
Towong (S),26670,3.8,4.3,4.4,4.4,4.3,4.0,4.3,4.7,5.3,5.5,5.3,4.8,4.2,4.3,4.4,4.4,5.0,5.6,5.8,5.7,5.5,4.8,5.1,5.2,4.9,4.4,3.4,3.0,2.8,2.9,3.0,3.1,3.3,3.2,3.4,3.8,3.8,3.1,3.1,2.5
Wangaratta (RC),26700,5.1,5.5,5.4,5.3,5.2,4.9,5.1,5.4,6.1,6.3,6.2,5.6,4.8,4.9,5.1,5.3,6.0,6.4,6.4,6.0,5.7,5.1,5.3,5.3,5.0,4.6,3.7,3.4,3.4,3.5,3.7,3.7,3.5,3.4,3.5,3.9,4.2,3.6,3.7,3.1
Warrnambool (C),26730,5.8,6.1,6.1,5.8,5.3,5.0,5.2,5.1,5.3,5.6,5.9,5.9,5.8,6.6,7.0,6.7,6.4,5.1,3.3,2.9,3.2,3.8,4.8,5.2,5.0,4.6,4.3,4.0,3.6,3.7,4.0,4.0,4.0,3.4,2.9,3.2,3.4,3.5,3.5,3.3
Wellington (S),26810,4.6,4.5,4.5,4.1,4.2,4.4,4.4,4.4,4.3,3.9,3.9,4.3,4.5,4.7,4.7,4.7,4.6,4.5,5.0,5.2,6.0,6.8,6.9,7.0,6.4,6.1,5.9,5.8,6.0,6.4,6.1,5.4,4.9,3.9,3.7,3.7,3.8,4.3,4.5,5.3
West Wimmera (S),26890,3.1,2.8,2.4,2.4,2.5,2.4,2.6,2.6,2.5,2.6,2.3,2.5,2.5,2.6,2.9,2.9,3.3,3.5,3.9,3.9,3.9,3.5,2.7,2.6,3.0,3.0,3.3,3.4,3.1,2.7,2.6,2.3,2.3,2.9,3.2,3.5,3.1,2.7,2.2,1.9
Whitehorse (C),26980,4.4,4.5,4.6,4.3,4.4,4.4,4.5,4.5,4.8,4.7,4.9,5.6,6.3,6.7,6.7,6.3,6.1,6.1,6.3,6.1,6.0,5.9,5.7,6.1,6.0,5.9,6.0,5.9,6.1,5.9,5.7,5.1,4.6,4.5,4.4,4.6,4.9,5.1,5.3,5.8
Whittlesea (C),27070,4.6,4.8,5.0,5.7,6.1,6.2,6.4,6.4,6.5,6.5,6.3,6.5,7.3,8.1,8.5,8.6,8.3,7.9,7.9,7.6,6.9,6.2,5.9,6.3,6.9,7.5,7.4,7.0,6.1,5.7,5.4,5.4,5.5,5.2,5.1,4.9,5.2,5.6,6.7,7.8
Wodonga (C),27170,5.5,6.1,6.0,5.9,5.8,5.5,5.7,6.3,7.0,7.3,7.2,6.5,5.7,5.8,5.9,6.0,6.9,7.5,7.5,7.1,6.7,5.9,6.0,6.0,5.7,5.3,4.2,3.9,4.0,4.1,4.3,4.6,4.4,4.3,4.5,5.0,5.3,4.6,4.7,3.9
Wyndham (C),27260,5.1,5.3,5.7,6.2,6.6,7.0,7.1,7.0,7.2,6.8,6.5,6.4,6.1,6.3,6.6,6.9,7.2,7.1,7.1,7.1,6.9,6.9,6.9,7.0,7.4,7.7,7.9,7.9,7.7,7.4,6.8,6.2,5.6,5.4,5.3,5.3,5.9,6.5,7.3,8.3
Yarra (C),27350,5.7,5.3,5.1,5.1,5.5,6.0,6.0,5.7,5.5,5.9,6.5,7.2,7.9,7.6,7.5,7.6,7.1,7.2,7.1,6.5,6.2,5.8,5.4,5.5,5.3,5.6,5.9,5.8,5.8,5.5,5.4,5.1,5.4,5.5,5.6,5.9,5.7,6.1,6.3,6.7
Yarra Ranges (S),27450,4.1,4.1,4.1,4.0,4.0,4.2,4.3,4.2,4.4,4.5,4.5,5.1,5.5,5.8,6.0,6.0,5.7,5.6,5.5,5.2,5.0,5.0,4.8,4.7,4.7,4.6,4.4,4.3,4.2,4.3,4.4,4.4,4.2,3.8,3.5,3.3,3.5,4.2,5.1,6.1
Yarriambiack (S),27630,5.0,4.4,3.7,3.4,3.1,2.9,3.2,3.2,3.2,3.3,2.9,3.3,3.5,3.8,4.3,4.2,4.7,5.3,6.0,6.4,6.9,6.1,4.9,4.6,4.9,5.1,5.3,5.2,4.8,4.2,4.2,3.9,3.6,4.6,4.9,5.2,4.5,3.8,3.1,2.6
Unincorporated Vic,29399,-,-,-,-,-,-,-,-,-,-,-,-,-,-,-,-,-,-,-,-,-,-,-,-,-,-,-,-,-,-,-,-,-,-,-,-,2.7,2.5,3.3,3.4
Balonne (S),30300,6.0,5.8,5.0,5.0,4.6,4.6,4.7,4.2,3.1,3.0,2.9,3.6,4.4,4.6,5.2,4.9,4.8,5.1,4.8,4.3,4.6,4.0,3.3,3.8,3.9,4.2,5.4,5.4,4.6,5.0,4.9,5.4,5.7,5.2,4.4,2.9,2.5,2.7,3.8,4.1
Banana (S),30370,3.4,3.3,3.3,3.2,3.2,3.1,3.2,3.4,3.6,4.2,4.4,4.1,3.7,3.1,2.8,2.9,3.3,3.7,4.5,4.4,4.0,4.0,3.5,3.6,3.8,3.9,3.7,3.7,3.6,3.5,3.5,3.4,3.2,2.8,3.3,3.5,3.3,3.5,3.5,3.5
Barcaldine (R),30410,3.3,3.2,2.9,2.6,2.1,1.9,1.8,1.8,1.7,1.5,1.4,1.2,1.1,1.2,1.2,1.5,1.3,1.0,1.6,2.1,2.9,4.1,4.2,3.8,3.6,3.9,3.4,3.6,3.6,3.3,4.0,4.4,4.8,4.7,4.1,3.7,3.2,3.0,3.1,3.4
Barcoo (S),30450,-,-,-,-,-,-,-,-,-,-,-,-,-,-,-,-,-,-,-,-,-,-,-,-,-,-,-,-,-,-,-,-,-,-,-,-,2.6,2.6,3.2,3.2
Blackall-Tambo (R),30760,3.3,3.2,2.8,2.6,2.1,2.0,1.9,1.8,1.7,1.6,1.4,1.2,1.2,1.2,1.2,1.5,1.4,1.0,1.6,2.1,3.0,4.1,4.2,3.8,3.6,3.9,3.5,3.6,3.7,3.3,4.0,4.4,4.9,4.7,4.1,3.6,3.1,3.0,3.1,3.4
Boulia (S),30900,-,-,-,-,-,-,-,-,-,-,-,-,-,-,-,-,-,-,-,-,-,-,-,-,-,-,-,-,-,-,-,-,-,-,-,-,2.3,2.3,3.0,3.0
Brisbane (C),31000,4.5,4.3,4.2,4.0,4.0,4.3,4.6,5.0,5.3,5.4,5.3,5.2,5.2,5.1,5.2,5.4,5.3,5.4,5.3,5.2,5.0,5.0,5.1,5.1,5.4,5.6,5.6,5.4,5.3,5.2,5.3,5.5,5.5,5.5,5.5,5.4,5.4,5.6,5.7,6.3
Bulloo (S),31750,7.3,6.8,5.8,5.3,4.0,4.1,4.2,4.3,4.0,3.8,3.2,2.6,3.0,3.2,3.2,3.6,3.1,2.4,3.4,4.6,6.5,9.1,9.8,9.0,8.7,9.4,8.5,9.0,9.5,8.4,9.5,10.1,10.9,11.2,10.0,9.2,8.4,7.0,7.2,7.8
Bundaberg (R),31820,7.1,7.2,8.1,7.8,8.5,8.2,7.5,8.3,8.3,8.5,8.8,8.3,8.2,8.4,8.6,9.5,11.0,11.2,11.0,10.0,8.8,8.8,8.9,9.6,9.3,8.5,9.0,8.9,9.1,9.5,8.6,7.9,7.3,7.0,7.0,7.6,8.9,9.8,11.2,11.0
Burdekin (S),31900,5.0,5.3,6.0,6.7,7.0,6.8,5.6,4.7,4.4,4.7,5.3,5.7,6.0,6.5,7.2,7.8,7.9,7.8,7.6,7.3,7.7,9.0,9.4,10.1,10.0,8.4,7.8,7.3,7.2,7.7,7.6,7.1,6.5,5.8,6.2,6.9,6.7,6.5,5.9,5.4
Burke (S),31950,-,-,-,-,-,-,-,-,-,-,-,-,-,-,-,-,-,-,-,-,-,-,-,-,-,-,-,-,-,-,-,-,-,-,-,-,26.1,22.4,23.0,25.9
Cairns (R),32080,6.4,6.3,6.3,7.0,7.1,7.1,7.8,8.0,7.8,7.5,7.6,7.1,7.3,7.4,7.0,7.2,6.9,7.1,7.4,7.2,7.4,7.9,7.8,7.1,6.7,5.8,5.1,5.3,5.5,5.8,5.8,5.6,4.7,4.1,4.2,4.3,4.6,5.4,5.6,5.7
Carpentaria (S),32250,28.7,27.5,24.3,22.1,18.2,19.3,20.1,19.8,17.9,14.5,11.7,9.6,9.5,10.4,11.2,12.9,11.4,8.4,11.9,16.4,22.0,29.1,30.0,26.4,27.4,34.3,32.8,35.0,35.3,28.0,31.3,33.2,34.9,37.1,32.6,29.4,26.1,22.4,23.2,25.6
Cassowary Coast (R),32260,5.9,6.0,6.0,6.8,6.9,6.8,7.5,7.6,7.5,7.3,7.4,7.1,7.3,7.4,7.0,7.3,7.1,7.7,8.1,8.0,8.2,8.5,8.4,7.7,7.2,6.2,5.6,5.8,6.0,6.5,6.7,6.5,5.6,4.9,5.1,5.2,5.5,6.1,6.0,5.9
Central Highlands (R) (Qld),32270,3.8,3.8,3.8,3.8,3.6,3.3,3.3,3.5,3.9,4.6,5.1,5.0,4.7,4.1,3.7,3.8,4.2,4.7,5.7,5.5,5.1,4.9,4.2,4.1,4.4,4.5,4.4,4.6,4.5,4.5,4.5,4.3,4.0,3.6,4.2,4.5,4.1,4.4,4.3,4.2
Charters Towers (R),32310,5.5,5.9,6.9,7.9,8.5,8.4,7.0,5.8,5.6,6.1,7.2,8.0,8.8,9.5,10.7,11.4,11.5,11.4,10.6,10.0,10.5,12.2,12.8,14.3,14.4,12.4,11.8,11.1,11.3,12.1,12.0,11.1,9.9,8.8,8.9,9.7,9.3,8.7,7.5,6.7
Cherbourg (S),32330,9.4,9.3,10.0,9.2,9.8,9.6,8.9,10.2,10.2,10.9,11.4,11.0,11.0,11.1,11.2,12.9,14.8,15.3,15.0,13.5,12.0,12.3,12.6,13.7,13.3,12.1,12.2,11.6,11.7,12.4,11.6,11.0,10.7,10.7,11.3,12.5,14.8,15.5,17.1,16.1
Cloncurry (S),32450,-,-,-,-,-,-,-,-,-,-,-,-,-,-,-,-,-,-,-,-,-,-,-,-,-,-,-,-,-,-,-,-,-,-,-,-,5.6,5.1,5.3,6.2
Cook (S),32500,-,-,-,-,-,-,-,-,-,-,-,-,-,-,-,-,-,-,-,-,-,-,-,-,-,-,-,-,-,-,-,-,-,-,-,-,21.5,18.8,19.1,20.3
Croydon (S),32600,4.7,4.2,3.6,3.5,3.0,4.1,4.3,4.5,4.6,3.6,3.6,2.9,2.8,3.2,3.2,3.2,3.2,2.2,2.9,3.7,5.3,7.7,8.4,7.2,6.6,7.4,6.2,6.8,6.7,5.3,6.7,7.4,7.9,8.1,7.0,6.1,5.4,4.8,4.9,5.0
Diamantina (S),32750,-,-,-,-,-,-,-,-,-,-,-,-,-,-,-,-,-,-,-,-,-,-,-,-,-,-,-,-,-,-,-,-,-,-,-,-,2.6,2.6,3.3,3.3
Doomadgee (S),32770,-,-,-,-,-,-,-,-,-,-,-,-,-,-,-,-,-,-,-,-,-,-,-,-,-,-,-,-,-,-,-,-,-,-,-,-,26.1,22.4,23.1,25.7
Douglas (S),32810,5.7,5.5,5.4,6.2,6.7,6.9,7.9,8.2,7.9,7.5,7.3,6.9,7.2,7.0,6.5,6.6,6.1,6.4,6.9,6.9,7.0,7.2,6.8,6.1,5.7,4.9,4.3,4.4,4.6,5.0,5.2,5.1,4.2,3.7,3.9,4.0,4.3,5.5,6.0,6.3
Etheridge (S),33100,4.7,4.4,3.9,3.5,3.2,4.0,4.5,4.7,4.5,3.6,3.1,2.8,2.7,3.0,3.2,3.4,3.0,2.3,2.8,4.1,5.6,7.6,8.3,7.3,7.0,7.8,6.5,6.6,6.3,5.3,6.5,7.0,7.8,8.1,7.0,6.4,5.6,4.3,4.4,4.7
Flinders (S) (Qld),33200,3.8,3.4,2.9,2.5,2.0,2.2,2.3,2.3,2.2,1.8,1.5,1.4,1.4,1.7,1.8,2.1,1.8,1.3,1.9,2.7,3.9,5.5,6.0,5.4,5.1,5.3,4.5,4.5,4.5,3.7,4.5,4.9,5.2,5.1,4.2,3.7,3.2,3.0,3.3,3.6
Fraser Coast (R),33220,7.6,7.7,8.7,8.4,9.2,8.9,8.0,8.9,8.9,9.3,9.8,9.4,9.4,9.7,9.7,10.6,12.2,12.5,12.3,11.2,9.8,9.8,9.9,10.6,10.5,9.7,10.2,10.1,10.2,10.7,9.9,9.3,8.7,8.3,8.2,8.8,10.1,11.3,13.1,13.1
Gladstone (R),33360,5.7,5.6,5.4,5.0,4.5,4.0,3.8,4.0,4.3,5.0,5.4,5.2,4.9,4.3,4.0,4.2,4.8,5.5,6.9,6.8,6.5,6.5,6.0,6.3,7.3,7.9,8.1,8.4,8.1,8.0,7.9,7.8,7.3,6.6,7.8,8.3,7.8,8.1,7.7,7.4
Gold Coast (C),33430,6.0,6.0,6.1,6.2,6.1,5.8,5.6,5.6,5.5,5.8,5.7,5.7,5.7,5.6,5.8,6.0,5.8,5.8,5.6,5.3,5.6,5.4,5.5,5.5,5.3,5.1,4.8,5.0,4.6,4.4,4.3,4.3,4.7,5.4,5.8,5.7,5.5,5.8,6.3,6.9
Goondiwindi (R),33610,3.9,3.9,3.2,3.1,2.8,2.8,2.8,2.5,1.9,1.8,1.8,2.3,2.8,3.1,3.4,3.3,3.3,3.7,3.7,3.4,3.6,3.1,2.5,2.7,2.7,3.0,3.6,3.6,3.1,3.5,3.5,3.9,4.4,4.0,3.5,2.6,2.1,2.3,3.2,3.4
Gympie (R),33620,6.5,6.4,7.0,6.8,7.3,7.2,6.6,7.4,7.5,7.9,8.4,8.1,8.0,8.2,8.2,8.9,10.3,10.5,10.5,9.6,8.4,8.5,8.4,9.0,8.7,8.0,8.4,8.4,8.5,8.9,8.1,7.5,7.0,6.6,6.6,7.0,8.2,9.2,10.8,10.9
Hinchinbrook (S),33800,4.8,5.5,6.4,7.2,7.7,7.6,6.5,5.5,5.3,5.5,6.3,6.9,7.4,8.1,8.9,9.3,9.2,9.0,8.6,8.2,8.4,9.5,9.9,11.0,11.3,9.7,9.2,8.7,8.6,9.2,9.2,8.5,7.9,7.2,7.8,8.8,8.4,8.1,6.9,6.1
Hope Vale (S),33830,-,-,-,-,-,-,-,-,-,-,-,-,-,-,-,-,-,-,-,-,-,-,-,-,-,-,-,-,-,-,-,-,-,-,-,-,21.5,18.8,19.1,20.4
Ipswich (C),33960,5.6,5.5,5.1,5.1,5.3,5.4,6.3,6.3,6.6,7.0,7.1,7.8,8.6,9.3,9.6,9.0,7.9,7.2,6.5,6.6,7.5,7.8,8.3,8.4,7.6,7.5,7.8,8.0,8.5,8.5,8.0,7.6,6.7,6.8,7.1,7.4,7.9,8.6,8.7,9.0
Isaac (R),33980,1.0,1.0,1.1,1.1,1.1,1.0,0.9,0.9,1.1,1.3,1.5,1.7,1.8,1.7,1.9,2.1,2.6,3.0,3.1,3.2,2.9,2.7,2.5,2.2,2.2,2.1,2.0,1.8,1.6,1.5,1.4,1.5,1.7,2.2,2.3,2.3,2.1,1.9,2.1,2.1
Kowanyama (S),34420,-,-,-,-,-,-,-,-,-,-,-,-,-,-,-,-,-,-,-,-,-,-,-,-,-,-,-,-,-,-,-,-,-,-,-,-,57.5,51.6,50.2,53.2
Livingstone (S),34530,5.4,5.4,5.3,5.0,4.7,4.4,4.4,4.8,5.5,6.5,6.9,6.8,6.1,5.3,4.7,4.8,5.2,5.7,6.8,6.4,5.7,5.5,4.9,5.0,5.5,5.8,5.7,5.7,5.4,5.2,5.1,5.0,4.7,4.2,4.8,5.0,4.7,5.0,4.9,4.8
Lockhart River (S),34570,-,-,-,-,-,-,-,-,-,-,-,-,-,-,-,-,-,-,-,-,-,-,-,-,-,-,-,-,-,-,-,-,-,-,-,-,21.4,18.8,19.1,20.2
Lockyer Valley (R),34580,5.4,5.3,5.4,5.6,5.9,6.3,7.4,8.1,8.1,8.2,7.6,7.5,7.9,8.3,8.4,7.6,7.1,6.8,6.4,6.5,6.9,7.1,7.5,7.6,7.3,7.2,7.1,7.2,7.3,7.1,6.9,6.8,5.9,5.7,5.7,5.9,6.4,7.3,7.5,7.2
Logan (C),34590,7.4,7.4,7.6,7.5,7.6,7.2,7.0,6.9,6.3,6.4,6.6,6.4,6.5,6.7,7.3,8.0,8.7,9.0,8.7,8.0,7.1,6.4,5.9,5.6,5.5,6.0,6.5,6.7,6.9,6.7,6.6,7.0,7.5,7.9,7.9,7.9,7.8,7.4,7.9,8.2
Longreach (R),34710,3.8,3.5,3.2,3.0,2.5,2.7,2.6,2.5,2.3,2.0,1.7,1.5,1.5,1.7,1.9,2.1,1.9,1.3,1.8,2.4,3.2,4.4,4.7,4.2,4.0,4.2,3.4,3.4,3.3,2.8,3.2,3.7,4.3,4.3,3.6,3.1,2.3,2.2,2.8,3.3
Mackay (R),34770,3.5,3.6,3.9,4.0,3.7,3.2,2.9,2.9,3.1,3.7,4.1,4.4,4.3,4.2,4.6,5.3,6.7,7.6,8.1,8.4,7.7,7.4,6.8,6.4,6.4,6.0,5.6,5.0,4.3,3.9,3.7,3.9,4.4,5.9,6.4,6.5,5.8,5.2,5.5,5.7
McKinlay (S),34800,-,-,-,-,-,-,-,-,-,-,-,-,-,-,-,-,-,-,-,-,-,-,-,-,-,-,-,-,-,-,-,-,-,-,-,-,3.2,3.0,3.3,3.7
Mapoon (S),34830,-,-,-,-,-,-,-,-,-,-,-,-,-,-,-,-,-,-,-,-,-,-,-,-,-,-,-,-,-,-,-,-,-,-,-,-,21.3,18.9,19.4,20.4
Maranoa (R),34860,2.3,2.2,1.8,1.8,1.6,1.6,1.6,1.4,1.0,1.0,1.1,1.3,1.7,1.8,2.0,1.9,1.9,2.1,2.2,2.1,2.4,2.3,2.0,2.4,2.5,2.6,3.2,3.3,3.0,3.5,3.6,4.0,4.4,4.1,3.5,2.5,2.1,2.3,3.1,3.2
Mareeba (S),34880,10.4,9.9,9.5,10.2,10.0,10.2,11.1,11.2,10.6,10.0,9.7,8.9,9.3,9.4,9.1,9.5,8.8,8.7,9.3,9.4,10.2,11.2,11.2,10.2,9.8,9.2,8.5,8.8,9.0,8.8,9.0,8.9,8.0,7.6,7.5,7.2,7.2,7.5,7.6,7.7
Moreton Bay (R),35010,4.5,4.5,5.0,5.1,5.0,5.5,5.7,5.8,5.8,5.4,4.9,5.3,6.0,6.8,7.3,7.1,6.8,6.0,5.9,5.9,5.8,6.0,5.7,5.3,5.4,5.9,6.0,6.2,6.5,6.8,7.1,7.3,7.3,6.9,6.9,6.7,6.8,7.2,7.8,8.6
Mornington (S),35250,28.7,27.5,24.3,22.0,18.3,19.4,20.2,19.8,17.9,14.4,11.7,9.7,9.5,10.5,11.1,12.9,11.4,8.5,12.0,16.4,22.0,29.2,30.1,26.4,27.6,34.2,32.8,35.1,35.2,27.9,31.2,33.3,35.0,37.1,32.6,29.3,26.1,22.4,23.2,25.7
Mount Isa (C),35300,7.8,7.5,6.5,5.8,4.7,4.6,4.5,4.4,4.1,3.4,2.9,2.4,2.4,2.6,2.8,3.1,2.8,2.0,2.9,4.1,5.7,8.0,8.7,7.9,7.7,8.8,8.1,8.6,8.8,7.4,8.5,9.4,10.1,10.7,9.4,8.3,7.7,6.9,7.5,8.3
Murweh (S),35600,5.9,5.5,5.0,4.5,3.9,4.1,3.9,3.8,3.3,2.7,2.3,1.9,1.9,2.3,2.6,3.1,2.8,2.1,2.9,4.2,6.1,8.4,8.9,7.9,7.5,8.1,7.2,7.6,7.5,6.1,6.8,7.3,7.5,7.8,7.0,6.1,5.7,5.4,6.0,6.8
Napranum (S),35670,28.1,26.4,23.7,21.6,18.1,18.8,18.8,18.3,16.8,14.0,12.1,10.4,10.4,11.5,12.1,13.3,11.7,8.4,11.6,15.3,20.1,25.6,25.5,21.8,21.9,25.5,23.4,25.1,25.4,21.4,24.7,26.4,26.2,27.8,24.6,22.1,21.6,18.9,19.2,20.4
Noosa (S),35740,6.5,6.5,6.5,6.4,6.5,6.6,7.2,7.3,7.4,7.3,6.4,6.1,6.2,6.6,6.9,7.3,7.2,6.8,6.6,6.1,5.4,4.9,4.5,4.5,4.7,4.7,4.5,4.5,4.6,5.2,5.8,5.7,5.7,5.5,5.2,5.5,5.1,5.5,6.3,6.7
North Burnett (R),35760,3.8,3.7,4.2,3.9,4.3,4.2,3.9,4.4,4.6,4.9,5.0,4.9,4.6,4.8,5.0,5.5,6.2,6.3,6.2,5.6,4.9,4.8,4.6,5.0,5.0,4.7,5.0,5.0,5.0,5.3,4.8,4.5,4.2,4.1,4.3,4.8,5.7,6.2,7.0,7.0
Northern Peninsula Area (R),35780,21.8,20.0,17.5,15.0,11.7,12.4,12.9,13.0,12.7,11.4,10.0,8.7,9.4,11.0,12.4,14.1,12.2,8.8,12.6,17.1,22.1,27.0,24.1,19.5,19.0,22.7,21.3,22.8,23.1,19.3,22.3,23.9,23.2,25.1,21.6,18.9,18.1,15.8,17.4,21.0
Palm Island (S),35790,36.6,42.2,49.1,54.5,57.8,55.1,44.2,34.8,30.0,30.3,37.2,41.8,49.6,56.6,63.2,72.3,74.6,77.3,75.0,67.7,66.1,68.2,67.3,74.4,71.8,60.5,56.1,49.9,47.2,49.4,49.4,46.0,45.1,43.2,50.5,58.8,58.0,54.8,44.5,38.2
Paroo (S),35800,7.4,6.6,5.8,5.0,3.9,4.1,4.1,4.1,3.9,3.4,3.0,2.7,2.8,3.0,3.2,3.5,3.1,2.3,3.1,4.5,6.6,9.1,9.8,8.8,8.3,9.3,8.3,9.0,9.3,8.1,9.4,10.0,10.5,11.1,10.0,9.1,8.2,7.1,7.1,7.5
Pormpuraaw (S),36070,-,-,-,-,-,-,-,-,-,-,-,-,-,-,-,-,-,-,-,-,-,-,-,-,-,-,-,-,-,-,-,-,-,-,-,-,57.3,51.2,50.2,52.8
Quilpie (S),36150,7.5,6.7,5.8,5.0,4.0,4.0,4.2,4.0,3.9,3.3,3.0,2.7,2.8,3.0,3.1,3.6,3.1,2.3,3.2,4.6,6.5,9.2,9.7,8.9,8.4,9.2,8.3,8.9,9.4,8.0,9.4,10.0,10.6,11.1,10.0,9.2,8.2,7.0,7.2,7.5
Redland (C),36250,6.1,5.7,5.4,5.0,4.8,4.8,4.8,5.2,5.5,6.0,6.5,6.2,5.6,4.9,4.5,4.4,5.0,5.1,5.1,5.3,5.1,5.3,5.5,6.2,6.8,7.2,6.7,5.9,5.3,4.9,5.1,5.6,5.8,5.3,4.9,4.5,4.4,6.2,7.5,8.0
Richmond (S),36300,-,-,-,-,-,-,-,-,-,-,-,-,-,-,-,-,-,-,-,-,-,-,-,-,-,-,-,-,-,-,-,-,-,-,-,-,3.2,3.0,3.3,3.7
Rockhampton (R),36370,7.8,7.8,7.7,7.4,7.1,6.6,6.5,6.8,7.4,8.5,9.2,9.0,8.3,7.3,6.5,6.7,7.3,8.2,9.9,9.6,8.7,8.5,7.5,7.5,8.1,8.4,8.1,8.3,8.1,8.0,8.0,7.8,7.4,6.7,7.8,8.2,7.5,7.9,7.4,7.1
Scenic Rim (R),36510,5.3,5.4,5.6,5.7,5.8,5.6,5.6,5.5,5.2,5.4,5.5,5.5,5.8,6.1,6.5,6.7,6.7,6.7,6.4,6.1,6.1,5.9,5.9,5.8,5.6,5.7,5.7,5.8,5.8,5.6,5.3,5.4,5.5,5.9,6.1,6.1,6.0,6.0,6.2,6.5
Somerset (R),36580,5.2,5.0,4.8,4.8,5.0,5.3,6.2,6.5,7.0,7.4,7.4,8.0,8.8,9.4,9.8,9.2,8.2,7.6,7.1,7.3,8.4,9.0,9.4,9.5,8.7,8.6,9.0,9.1,9.4,9.2,8.6,8.2,7.3,7.2,7.3,7.4,7.8,8.1,8.3,8.7
South Burnett (R),36630,6.6,6.6,7.2,6.8,7.4,7.3,6.6,7.5,7.5,7.9,8.4,8.2,8.3,8.6,8.6,9.5,10.8,11.1,10.9,9.8,8.6,8.7,8.7,9.5,9.3,8.5,8.9,8.7,8.9,9.4,8.8,8.3,7.9,7.7,7.9,8.8,10.3,11.1,12.3,12.0
Southern Downs (R),36660,5.8,5.8,5.0,5.1,4.8,4.9,5.2,4.8,3.7,3.4,3.4,4.0,4.9,5.3,5.8,5.4,5.3,5.5,5.4,5.0,5.3,4.8,3.9,4.4,4.5,4.9,6.1,6.3,5.4,6.1,6.2,7.0,7.9,7.1,6.1,4.2,3.5,4.0,5.6,5.9
Sunshine Coast (R),36720,6.1,6.0,6.0,5.7,5.8,5.9,6.5,6.6,6.6,6.6,6.0,5.8,6.1,6.5,7.0,7.4,7.3,7.0,6.7,6.1,5.4,4.9,4.7,4.8,5.0,5.0,4.9,4.9,5.1,5.8,6.5,6.3,6.3,6.1,5.9,6.2,5.8,5.9,6.5,6.8
Tablelands (R),36820,7.1,7.0,7.1,8.1,8.5,8.6,9.6,9.7,9.4,8.9,8.8,8.4,8.7,8.8,8.4,8.8,8.3,8.6,8.9,8.7,8.9,9.3,9.0,8.2,7.8,6.7,6.0,6.2,6.3,6.7,6.7,6.4,5.4,4.7,4.9,4.9,5.2,5.9,6.0,6.0
Toowoomba (R),36910,4.2,4.2,4.3,4.4,4.2,4.5,5.3,6.0,6.0,6.0,5.3,4.9,4.7,4.5,4.6,4.1,4.5,4.9,4.8,4.7,4.4,4.0,4.2,4.3,4.9,5.3,5.2,5.3,5.2,5.0,5.4,5.8,5.5,5.0,4.4,4.2,4.6,6.1,6.7,5.9
Torres (S),36950,11.3,10.7,9.1,8.1,6.4,6.2,6.1,6.2,6.0,5.3,4.9,4.5,4.7,5.5,5.8,6.5,5.7,4.0,5.5,7.3,9.4,12.1,11.9,9.8,9.6,11.1,10.1,11.1,11.5,10.0,11.8,12.8,13.5,14.3,12.3,10.6,9.0,7.5,7.8,9.7
Torres Strait Island (R),36960,14.2,13.1,12.0,11.5,10.2,11.7,12.6,12.6,12.0,10.0,8.6,7.7,8.5,10.6,13.1,16.6,15.1,11.7,19.3,27.9,37.5,48.9,48.0,41.5,41.4,49.2,45.9,48.7,48.9,38.0,43.2,45.1,44.4,45.9,38.6,34.2,31.6,27.3,27.2,29.4
Townsville (C),37010,4.2,4.4,5.2,6.0,6.4,6.3,5.2,4.3,4.1,4.5,5.2,5.6,6.0,6.4,7.2,7.8,8.1,8.2,7.9,7.4,7.8,9.2,9.7,10.7,10.8,9.3,8.7,8.2,8.2,8.8,8.8,8.2,7.6,6.9,6.9,7.6,7.2,7.1,6.5,6.1
Weipa (T),37300,2.4,2.1,1.6,1.2,0.7,0.8,0.8,0.8,0.8,0.7,0.6,0.5,0.6,0.7,0.9,1.0,0.9,0.7,0.9,1.1,1.5,2.2,2.7,2.6,2.7,3.2,2.8,2.8,2.7,1.8,1.9,2.0,2.0,2.4,2.2,2.0,1.9,1.8,2.2,2.6
Western Downs (R),37310,4.3,4.2,3.6,3.6,3.1,3.0,3.0,2.6,1.9,1.7,1.8,2.2,2.7,2.9,3.3,3.1,3.2,3.7,3.9,3.8,4.3,4.0,3.3,3.8,4.0,4.3,5.4,5.6,4.8,5.5,5.5,6.0,6.9,6.2,5.5,3.9,3.2,3.5,4.8,5.1
Whitsunday (R),37340,4.7,4.9,5.7,5.9,5.8,5.2,5.0,5.2,5.6,6.5,6.9,7.1,6.5,6.0,6.2,6.8,8.5,9.4,9.8,9.9,8.6,7.8,6.8,6.1,6.0,5.6,5.2,4.6,3.8,3.4,3.2,3.5,4.0,5.5,6.1,6.2,5.7,5.7,6.4,6.8
Winton (S),37400,5.6,5.6,5.0,4.5,3.7,3.6,3.6,3.6,3.4,3.0,2.3,1.9,1.9,2.0,2.1,2.3,2.0,1.4,2.0,2.9,4.0,5.6,5.9,5.2,4.9,5.5,5.0,5.1,4.9,3.6,3.7,3.8,4.1,3.8,3.1,2.6,2.3,2.3,2.9,3.1
Woorabinda (S),37550,-,-,-,-,-,-,-,-,-,-,-,-,-,-,-,-,-,-,-,-,-,-,-,-,-,-,-,-,-,-,-,-,-,-,-,-,8.5,8.6,8.1,7.5
Wujal Wujal (S),37570,28.2,26.9,23.4,21.3,18.0,19.0,19.0,18.6,17.4,14.4,12.1,10.8,10.2,11.6,12.0,13.7,11.4,8.0,12.0,15.7,20.0,25.4,25.2,21.6,21.9,25.2,23.2,25.0,25.4,21.2,24.6,26.6,26.2,27.5,24.7,22.5,21.3,18.7,19.2,20.3
Yarrabah (S),37600,58.9,60.3,60.6,68.1,68.4,67.9,74.2,77.3,73.8,69.6,66.4,57.3,59.7,62.3,62.7,72.8,71.6,75.8,77.9,74.6,75.8,78.9,78.2,71.9,68.9,59.6,55.5,60.6,63.9,69.2,69.7,65.5,54.7,49.3,53.3,54.5,60.9,62.1,57.0,52.5
Adelaide (C),40070,7.0,7.0,7.1,7.4,7.2,7.4,6.9,6.6,6.6,7.1,7.4,7.4,7.3,6.5,6.2,6.7,6.9,8.1,9.1,9.5,10.0,10.1,9.8,9.8,9.2,8.3,7.9,7.3,6.7,6.4,6.5,6.4,6.7,7.2,8.0,8.1,8.1,8.3,8.3,8.8
Adelaide Hills (DC),40120,2.8,2.9,3.1,3.2,3.2,3.3,3.1,3.0,3.2,3.5,3.7,3.7,3.6,3.2,3.1,3.4,3.5,3.9,4.3,4.3,4.5,4.5,4.3,4.3,4.0,3.8,3.7,3.5,3.2,3.1,3.3,3.3,3.4,3.6,3.8,3.9,3.9,4.2,4.4,4.6
Adelaide Plains (DC),40150,4.4,4.3,4.2,4.1,4.1,4.2,4.3,4.3,4.4,4.6,4.6,4.7,4.9,4.9,4.9,4.9,4.8,4.7,5.0,5.2,5.3,5.5,5.2,4.8,4.6,4.4,4.4,4.4,4.5,4.4,4.3,4.4,4.5,4.6,5.0,5.0,4.8,5.4,5.5,5.4
Alexandrina (DC),40220,5.4,5.0,4.7,4.7,4.5,4.8,4.7,4.9,5.4,5.3,6.0,6.2,6.0,6.0,5.5,5.5,6.2,6.7,7.1,6.9,6.2,5.7,5.0,5.0,4.9,5.0,4.9,4.6,4.3,3.9,4.1,4.4,4.5,4.9,4.8,4.8,4.9,5.3,6.0,6.5
Anangu Pitjantjatjara (AC),40250,25.3,26.6,27.5,25.5,23.8,23.2,26.1,30.1,33.2,33.9,35.1,31.4,35.6,39.6,36.5,35.8,26.1,24.4,24.2,26.2,31.5,29.2,28.6,27.9,26.3,29.3,29.6,30.3,26.7,20.4,15.5,10.5,12.2,14.5,21.2,24.3,24.9,27.0,24.7,25.6
Barossa (DC),40310,2.0,2.0,2.0,2.2,2.4,2.5,2.6,2.5,2.5,2.8,3.0,3.3,3.8,3.9,3.9,3.9,3.6,3.6,3.9,4.2,4.0,4.0,3.6,2.9,2.8,2.5,2.6,2.9,3.2,3.1,3.0,2.9,2.9,3.1,3.3,3.1,3.0,3.4,3.3,3.4
Barunga West (DC),40430,3.5,3.4,3.3,3.7,4.1,4.4,4.6,4.6,4.3,4.7,4.9,5.5,6.6,6.8,7.0,6.8,6.4,6.4,7.0,7.8,7.5,7.4,6.8,5.5,5.2,4.8,5.1,5.7,6.3,6.2,6.0,5.7,6.2,6.7,7.4,7.2,6.7,7.0,6.2,5.9
Berri and Barmera (DC),40520,10.9,10.0,9.5,8.8,8.2,8.2,7.7,7.9,8.4,7.9,8.7,8.4,8.2,8.1,7.4,8.1,9.4,10.7,11.7,11.3,10.2,9.1,7.8,7.6,7.6,7.9,7.9,7.6,6.8,6.3,6.6,7.1,7.8,8.4,8.7,9.1,9.2,9.0,9.3,9.4
Burnside (C),40700,2.5,2.5,2.6,2.7,2.8,2.9,2.8,2.7,2.7,2.9,3.0,3.0,2.9,2.6,2.5,2.7,2.7,3.0,3.4,3.5,3.8,3.9,3.7,3.7,3.3,3.0,2.9,2.7,2.5,2.4,2.4,2.3,2.4,2.5,2.6,2.7,2.7,3.0,3.4,3.7
Campbelltown (C) (SA),40910,5.1,5.1,5.2,5.4,5.3,5.5,5.2,4.9,5.3,5.8,6.2,6.3,6.2,5.6,5.4,5.7,5.6,6.2,6.9,7.1,7.5,7.6,7.4,7.2,6.5,5.9,5.7,5.3,5.1,4.9,5.1,5.0,5.1,5.3,5.5,5.6,5.6,6.1,6.5,6.9
Ceduna (DC),41010,8.8,8.9,8.8,7.8,6.8,6.6,7.2,7.7,8.2,8.0,8.3,7.5,7.8,9.1,8.4,8.2,6.6,5.8,5.6,5.8,6.5,5.9,5.9,6.0,6.0,6.7,6.6,7.0,7.1,6.4,5.9,5.2,5.5,6.0,7.3,7.8,7.6,8.4,8.2,8.4
Charles Sturt (C),41060,4.4,4.3,4.6,4.3,4.0,3.8,3.8,4.0,4.4,4.9,5.5,5.8,6.0,6.1,5.9,6.2,6.2,6.6,7.0,6.9,6.5,6.1,5.8,6.0,6.7,7.3,7.3,6.7,6.5,6.0,5.5,5.1,4.7,4.6,4.8,5.0,5.0,5.2,5.4,5.7
Clare and Gilbert Valleys (DC),41140,2.3,2.2,2.1,2.3,2.5,2.7,2.8,2.9,2.9,3.3,3.6,4.0,4.6,4.7,4.7,4.6,4.3,4.3,4.7,5.0,4.8,4.6,4.3,3.5,3.4,3.1,3.2,3.7,4.1,4.2,4.2,3.9,4.1,4.4,4.7,4.6,4.3,4.5,4.1,4.0
Cleve (DC),41190,1.6,1.6,1.7,1.5,1.5,1.5,1.7,1.7,1.7,1.6,1.6,1.5,1.8,2.3,2.4,2.4,2.1,1.7,1.5,1.5,1.7,1.8,1.9,2.0,1.9,2.1,2.0,2.0,2.1,1.7,1.4,1.2,1.3,1.6,2.1,2.1,2.0,2.3,2.2,2.5
Coober Pedy (DC),41330,11.0,11.6,11.5,10.0,8.5,7.8,9.6,10.9,11.8,11.6,12.6,11.8,13.0,15.7,14.3,13.8,10.8,9.6,9.5,10.0,11.5,11.2,12.1,13.0,12.6,13.4,12.6,12.4,13.0,11.6,10.0,8.6,9.1,9.5,12.3,13.6,13.4,15.2,14.4,14.5
Copper Coast (DC),41560,5.4,5.1,5.1,5.6,6.2,6.7,6.8,6.8,6.9,8.0,8.5,9.4,11.0,10.9,11.0,10.9,10.2,10.2,11.2,12.2,11.6,11.9,10.8,8.7,8.2,7.3,7.7,8.9,10.0,9.9,9.6,8.9,9.2,9.6,10.6,10.3,9.7,10.2,9.0,8.5
Elliston (DC),41750,2.0,2.2,2.2,2.0,2.0,2.0,2.3,2.4,3.0,2.8,2.9,2.9,3.1,3.4,3.0,2.8,1.9,1.5,1.5,1.6,1.8,1.7,1.9,1.9,1.9,2.1,1.9,2.1,2.4,2.4,2.2,1.8,1.8,2.0,2.2,2.4,2.2,2.5,2.9,2.9
Flinders Ranges (DC),41830,4.1,4.0,3.9,3.2,2.8,2.8,3.4,3.9,4.3,4.2,4.3,4.3,4.8,6.0,6.2,5.8,4.5,3.5,3.3,3.9,4.9,5.1,5.5,5.6,5.5,6.0,5.4,5.3,5.0,4.0,3.6,2.9,3.2,3.5,4.3,4.6,4.5,5.3,5.1,5.4
Franklin Harbour (DC),41960,-,-,-,-,-,-,-,-,-,-,-,-,-,-,-,-,-,-,-,-,-,-,-,-,-,-,-,-,-,-,-,-,-,-,-,-,2.0,2.3,2.3,2.6
Gawler (T),42030,5.8,6.0,6.0,5.8,5.6,5.4,5.6,5.9,6.2,6.4,6.4,6.6,6.4,6.6,6.6,6.4,6.4,6.4,6.7,7.0,7.4,7.5,7.2,7.1,6.9,6.9,6.8,6.6,6.3,6.0,5.9,5.9,5.9,6.0,6.5,6.6,6.5,7.1,7.0,6.9
Goyder (DC),42110,3.9,3.9,3.7,4.0,4.3,4.6,4.7,4.7,4.6,5.2,5.4,6.1,7.6,8.0,8.3,8.0,7.4,7.0,7.5,8.1,7.5,7.6,6.9,5.8,5.7,5.0,5.1,5.7,6.4,6.4,6.5,6.2,6.3,6.4,6.7,6.4,6.0,6.6,6.1,6.0
Grant (DC),42250,4.5,4.2,4.2,4.1,3.8,3.9,3.6,3.7,4.1,4.0,4.4,4.5,4.5,4.6,4.4,4.7,5.3,5.8,6.2,5.8,5.2,4.6,4.0,3.8,3.7,3.6,3.6,3.4,3.2,2.9,3.1,3.2,3.4,3.7,3.7,3.8,3.8,4.0,4.6,5.0
Holdfast Bay (C),42600,3.4,3.1,2.9,3.0,3.1,3.5,3.6,3.6,3.3,3.0,3.1,3.7,4.2,4.5,4.7,4.3,4.2,4.3,4.3,4.4,4.4,4.2,4.2,4.0,4.0,4.0,3.7,3.7,3.5,3.3,3.2,3.0,2.9,2.7,2.7,2.8,2.9,3.5,4.1,4.4
Kangaroo Island (DC),42750,3.8,3.8,3.8,3.8,3.7,3.8,3.5,3.8,4.2,4.1,4.7,5.0,5.0,5.3,4.9,4.8,5.3,5.5,5.8,5.4,4.7,4.2,3.8,3.8,3.7,3.7,3.6,3.4,3.3,3.0,3.1,3.2,3.2,3.3,3.1,3.0,3.1,3.5,4.2,4.7
Karoonda East Murray (DC),43080,-,-,-,-,-,-,-,-,-,-,-,-,-,-,-,-,-,-,-,-,-,-,-,-,-,-,-,-,-,-,-,-,-,-,-,-,3.9,3.7,4.1,4.2
Kimba (DC),43220,1.5,1.6,1.6,1.6,1.6,1.6,1.7,1.7,1.7,1.6,1.6,1.6,1.8,2.3,2.3,2.4,2.1,1.7,1.5,1.6,1.8,1.9,2.1,2.1,1.9,2.1,2.1,2.1,2.1,1.7,1.5,1.1,1.3,1.7,2.1,2.1,2.0,2.3,2.3,2.5
Kingston (DC) (SA),43360,3.3,3.0,3.0,2.8,2.7,2.9,2.8,3.1,3.3,3.2,3.5,3.5,3.5,3.5,3.4,3.4,3.9,4.3,4.6,4.3,3.8,3.3,2.7,2.8,2.7,2.7,2.6,2.4,2.2,2.0,2.1,2.2,2.2,2.3,2.2,2.1,2.2,2.5,3.1,3.5
Light (RegC),43650,3.1,3.0,2.8,2.8,2.9,3.0,3.1,3.3,3.3,3.7,3.8,4.1,4.6,4.7,4.7,4.6,4.3,4.3,4.6,4.9,4.9,4.9,4.5,3.8,3.6,3.4,3.3,3.5,3.7,3.6,3.5,3.4,3.3,3.4,3.6,3.6,3.5,4.0,3.9,3.9
Lower Eyre Peninsula (DC),43710,-,-,-,-,-,-,-,-,-,-,-,-,-,-,-,-,-,-,-,-,-,-,-,-,-,-,-,-,-,-,-,-,-,-,-,-,3.2,3.8,3.8,4.1
Loxton Waikerie (DC),43790,6.0,5.4,5.1,4.9,4.5,4.6,4.5,4.9,5.4,5.4,5.9,5.8,5.5,5.3,4.8,4.9,6.1,6.9,7.5,7.3,6.4,5.8,5.1,5.0,5.0,5.0,5.0,4.7,4.3,3.9,4.1,4.3,4.5,5.0,5.1,5.2,5.2,5.2,5.7,6.1
Maralinga Tjarutja (AC),44000,-,-,-,-,-,-,-,-,-,-,-,-,-,-,-,-,-,-,-,-,-,-,-,-,-,-,-,-,-,-,-,-,-,-,-,-,23.3,23.3,18.3,18.3
Marion (C),44060,5.2,4.8,4.5,4.6,4.8,5.5,5.7,5.5,5.1,4.5,4.6,5.4,6.2,6.8,7.0,6.4,6.3,6.6,6.7,7.0,7.0,6.6,6.6,6.4,6.3,6.4,5.9,5.9,5.7,5.7,5.7,5.6,5.4,5.0,4.9,5.1,5.4,6.2,6.9,7.1
Mid Murray (DC),44210,6.2,5.8,5.5,5.3,5.0,5.0,4.9,5.2,5.8,5.8,6.6,7.0,6.9,6.9,6.3,6.3,7.3,8.1,8.7,8.4,7.5,6.9,6.1,6.1,6.0,6.0,5.8,5.4,5.1,4.7,5.1,5.4,5.6,6.3,6.4,6.6,6.9,7.1,7.6,8.3
Mitcham (C),44340,2.5,2.3,2.2,2.3,2.4,2.7,2.8,2.8,2.6,2.3,2.4,2.8,3.2,3.5,3.7,3.4,3.4,3.5,3.6,3.7,3.8,3.6,3.6,3.5,3.4,3.4,3.1,3.1,2.9,2.9,2.9,2.8,2.6,2.4,2.3,2.4,2.4,3.0,3.4,3.6
Mount Barker (DC),44550,4.9,5.0,5.2,5.5,5.5,5.7,5.3,5.0,5.3,5.8,6.2,6.4,6.3,5.6,5.4,5.8,5.9,6.7,7.5,7.7,8.3,8.4,8.1,7.9,7.3,6.7,6.4,6.0,5.6,5.5,5.7,5.8,5.9,6.3,6.6,6.8,6.9,7.2,7.5,7.7
Mount Gambier (C),44620,7.1,6.6,6.3,5.9,5.4,5.4,5.2,5.4,6.0,5.9,6.7,6.7,6.7,6.7,6.1,6.5,7.4,8.3,8.9,8.3,7.5,6.7,5.9,5.8,5.6,5.6,5.7,5.4,4.9,4.4,4.5,4.8,5.3,5.9,6.0,6.1,6.2,6.3,6.7,7.2
Mount Remarkable (DC),44830,4.8,4.8,4.6,4.7,4.7,4.9,5.1,5.1,5.0,5.6,5.7,6.3,7.4,7.6,7.8,7.7,7.6,7.6,8.4,9.3,8.6,8.8,8.0,6.5,6.1,5.3,5.3,6.0,6.8,7.0,7.2,6.9,7.8,8.3,8.8,8.4,7.3,7.6,6.7,6.8
Murray Bridge (RC),45040,9.2,8.3,8.0,7.7,7.3,7.5,7.3,7.7,8.4,8.2,9.0,8.9,8.6,8.6,8.0,8.4,9.8,10.9,11.7,11.1,10.0,9.1,8.0,7.9,7.8,7.9,7.9,7.5,6.8,6.1,6.5,7.1,7.9,8.9,9.2,9.3,9.5,9.3,9.8,10.1
Naracoorte and Lucindale (DC),45090,3.2,3.0,3.1,3.3,3.2,3.5,3.6,3.8,4.1,4.0,4.6,4.6,4.4,4.3,3.5,3.4,3.7,4.2,4.7,4.5,4.1,3.6,3.1,3.1,3.2,3.2,3.2,3.0,2.7,2.4,2.6,2.9,3.0,3.3,3.2,3.1,3.1,3.2,3.4,3.7
Northern Areas (DC),45120,2.5,2.6,2.5,2.6,2.7,2.8,2.7,2.7,2.6,3.2,3.5,4.1,4.8,4.8,4.9,4.9,4.6,4.8,5.3,5.6,5.4,5.2,4.7,3.7,3.4,3.0,3.0,3.5,3.8,3.8,3.7,3.6,4.2,4.8,5.4,5.5,5.3,5.5,4.8,4.5
Norwood Payneham St Peters (C),45290,4.5,4.6,4.7,4.9,4.8,4.9,4.6,4.3,4.5,4.9,5.1,5.2,5.1,4.5,4.3,4.5,4.6,5.1,5.8,6.0,6.4,6.6,6.3,6.3,5.8,5.3,5.1,4.8,4.5,4.4,4.5,4.5,4.6,4.8,5.0,5.1,5.0,5.3,5.7,5.9
Onkaparinga (C),45340,6.3,5.8,5.3,5.4,5.7,6.4,6.7,6.5,6.1,5.6,5.8,7.0,8.1,8.8,9.3,8.5,8.6,9.0,9.2,9.6,9.5,9.0,9.0,8.7,8.8,9.0,8.4,8.5,8.3,8.3,8.3,8.1,7.8,7.3,7.2,7.5,7.8,8.6,9.3,9.4
Orroroo/Carrieton (DC),45400,4.8,4.7,4.4,4.6,4.8,5.0,5.1,4.9,5.0,5.5,5.7,6.4,7.2,7.5,7.8,7.6,7.4,7.4,8.3,9.0,8.5,8.7,7.9,6.3,6.0,5.3,5.2,6.0,6.7,7.0,7.1,6.9,7.6,8.2,8.8,8.3,7.2,7.6,6.7,6.6
Peterborough (DC),45540,4.8,4.8,4.6,4.8,4.8,5.0,5.2,5.1,5.1,5.6,5.7,6.3,7.5,7.6,7.8,7.8,7.6,7.6,8.4,9.3,8.6,8.8,7.9,6.5,6.1,5.3,5.3,6.0,6.9,7.1,7.2,7.0,7.7,8.2,8.8,8.4,7.3,7.5,6.8,6.8
Playford (C),45680,13.1,13.6,13.8,13.5,13.0,12.2,12.5,13.1,14.0,14.3,14.1,14.1,13.7,14.2,14.6,14.3,14.4,14.3,14.7,14.9,15.4,15.4,14.8,14.6,14.0,14.1,13.8,13.4,13.3,12.9,12.9,13.1,13.1,13.4,14.3,14.8,14.7,15.5,14.9,13.9
Port Adelaide Enfield (C),45890,7.0,7.2,7.5,7.1,6.7,6.3,6.4,6.7,7.2,7.7,8.0,8.4,8.5,8.7,8.6,8.7,8.7,8.9,9.2,9.2,9.0,8.7,8.3,8.4,8.9,9.3,9.2,8.6,8.3,7.8,7.4,7.1,6.9,6.8,7.2,7.3,7.1,7.5,7.6,7.6
Port Augusta (C),46090,7.4,7.6,7.6,6.9,6.3,6.3,7.1,7.7,8.3,8.1,8.6,7.9,8.6,10.6,10.3,10.4,8.4,7.6,7.3,8.0,9.5,9.2,9.7,9.9,9.6,10.6,10.4,10.6,10.3,8.7,7.3,5.9,6.7,7.4,9.5,10.5,10.4,11.4,10.5,10.6
Port Lincoln (C),46300,5.9,6.1,6.1,5.4,4.9,4.8,5.5,5.9,6.3,6.0,6.3,5.8,6.3,7.9,7.8,7.7,6.0,4.9,4.3,4.5,5.3,5.2,5.5,5.6,5.2,5.5,5.2,5.1,5.1,4.3,3.6,3.0,3.4,3.8,4.8,5.3,5.2,6.1,5.9,6.2
Port Pirie City and Dists (M),46450,6.4,6.1,6.0,6.7,7.4,8.0,8.1,8.0,7.8,8.9,9.3,10.2,12.1,12.5,12.9,13.2,12.9,13.3,14.3,15.8,14.8,14.5,13.1,10.0,9.5,8.6,9.3,10.6,11.6,11.6,11.4,11.3,13.0,14.0,15.5,15.4,13.8,13.5,11.1,10.0
Prospect (C),46510,4.7,4.8,4.9,5.1,5.1,5.2,5.0,4.8,5.1,5.7,6.0,6.0,5.8,5.0,4.8,5.0,5.2,5.6,6.2,6.2,6.5,6.6,6.3,6.2,5.6,5.1,4.9,4.5,4.2,4.0,4.1,4.0,4.1,4.4,4.6,4.7,4.6,4.8,5.0,5.2
Renmark Paringa (DC),46670,8.3,7.5,6.9,6.5,6.0,6.0,6.0,6.4,7.1,7.0,7.9,7.9,7.5,7.4,6.7,7.1,8.2,9.3,10.1,9.7,9.0,8.1,7.1,7.0,6.9,7.1,7.0,6.7,6.0,5.2,5.4,5.7,6.2,6.8,6.7,6.7,6.6,6.5,6.9,7.3
Robe (DC),46860,3.3,3.1,2.9,2.8,2.7,2.9,2.8,3.1,3.4,3.2,3.5,3.5,3.5,3.5,3.4,3.4,3.8,4.3,4.6,4.2,3.7,3.4,2.7,2.9,2.8,2.8,2.7,2.4,2.3,2.0,2.1,2.2,2.2,2.3,2.2,2.1,2.1,2.5,3.1,3.5
Roxby Downs (M),46970,0.4,0.4,0.4,0.4,0.4,0.4,0.4,0.5,0.5,0.5,0.6,0.5,0.6,0.8,0.9,1.0,0.9,0.9,0.8,0.8,1.0,1.0,1.0,1.1,1.1,1.4,1.5,1.6,1.4,1.1,0.8,0.6,0.7,0.9,1.0,1.1,1.0,1.3,1.4,1.6
Salisbury (C),47140,8.4,8.7,8.9,8.6,8.4,8.0,8.1,8.4,8.8,9.0,8.9,9.0,8.8,9.2,9.4,9.3,9.2,9.1,9.3,9.5,10.0,10.1,9.9,9.7,9.3,9.2,8.8,8.5,8.3,7.9,8.0,8.0,8.2,8.4,9.0,9.2,9.0,9.7,9.6,9.2
Southern Mallee (DC),47290,3.6,3.3,3.4,3.4,3.4,3.6,3.7,4.1,4.5,4.4,4.7,4.5,4.3,4.1,3.7,4.0,4.8,5.4,5.7,5.2,4.6,3.9,3.6,3.7,3.7,3.6,3.4,3.2,2.9,2.7,2.8,2.8,3.0,3.3,3.3,3.5,3.7,3.5,3.8,3.9
Streaky Bay (DC),47490,5.7,6.0,6.0,5.4,4.9,4.7,5.5,6.1,6.6,6.5,6.5,6.0,6.5,7.6,7.3,7.1,5.5,4.9,4.9,5.2,6.0,5.8,5.9,5.8,5.6,5.9,5.5,5.7,5.9,5.0,4.5,3.8,4.2,4.6,5.7,6.2,6.2,7.1,6.9,7.1
Tatiara (DC),47630,2.4,2.5,2.5,2.3,2.1,2.1,2.1,2.4,2.7,2.6,2.8,2.6,2.5,2.3,2.0,2.0,2.3,2.7,3.1,3.1,2.9,2.5,2.1,2.0,1.9,1.9,2.0,1.9,1.8,1.6,1.8,1.9,2.1,2.3,2.1,2.0,1.8,1.8,2.1,2.3
Tea Tree Gully (C),47700,3.6,3.8,3.9,3.7,3.6,3.4,3.5,3.6,3.8,3.9,3.8,3.9,3.8,4.0,4.2,4.1,4.1,4.1,4.2,4.3,4.5,4.5,4.2,4.2,4.0,4.0,3.9,3.8,3.6,3.4,3.3,3.4,3.4,3.5,3.7,3.7,3.6,4.1,4.2,4.2
The Coorong (DC),47800,7.1,6.4,6.3,6.0,5.8,5.7,5.3,5.5,6.1,6.2,6.9,7.1,7.1,7.1,6.5,6.6,7.3,7.9,8.5,8.1,7.3,6.6,5.8,5.8,5.6,5.8,5.8,5.5,5.2,4.6,5.0,5.3,6.0,6.7,6.8,7.0,7.1,7.1,7.6,8.0
Tumby Bay (DC),47910,2.5,2.7,2.7,2.5,2.3,2.3,2.8,3.0,3.3,3.2,3.2,3.1,3.2,3.9,3.8,3.6,2.8,2.2,2.0,2.0,2.4,2.3,2.4,2.7,2.5,2.8,2.7,2.8,2.8,2.3,2.1,1.7,1.7,1.8,2.2,2.4,2.3,2.9,2.9,3.2
Unley (C),47980,3.2,3.3,3.4,3.6,3.5,3.5,3.3,3.2,3.4,3.5,3.7,3.7,3.6,3.4,3.3,3.6,3.8,4.2,4.6,4.7,5.0,5.0,4.8,4.7,4.3,3.9,3.6,3.3,3.1,3.0,3.1,3.1,3.1,3.2,3.3,3.3,3.3,3.7,4.2,4.6
Victor Harbor (C),48050,7.4,6.8,6.5,6.3,6.0,6.3,6.2,6.6,7.3,7.0,7.7,7.9,7.9,8.1,7.7,8.1,9.4,10.3,10.8,10.2,8.7,7.5,6.5,6.5,6.6,6.9,6.9,6.5,5.9,5.3,5.7,6.1,6.5,6.9,6.9,7.0,7.1,7.4,8.1,8.8
Wakefield (DC),48130,3.5,3.4,3.2,3.7,4.1,4.4,4.6,4.5,4.3,4.7,4.9,5.4,6.5,6.8,6.9,6.8,6.4,6.4,7.0,7.8,7.4,7.4,6.8,5.5,5.2,4.8,5.0,5.7,6.3,6.1,5.9,5.7,6.1,6.7,7.3,7.1,6.6,6.9,6.1,5.9
Walkerville (M),48260,3.0,3.2,3.4,3.7,3.7,3.9,3.7,3.5,3.5,3.6,3.9,4.2,4.4,4.2,4.1,4.2,4.0,4.5,5.1,5.2,5.7,5.8,5.6,5.6,5.1,4.5,4.3,3.9,3.6,3.5,3.7,3.6,3.7,3.8,3.9,3.9,3.7,4.0,4.2,4.5
Wattle Range (DC),48340,5.2,4.9,4.8,4.6,4.3,4.3,4.2,4.4,4.9,5.0,5.7,5.8,5.8,5.8,5.3,5.5,6.2,6.8,7.1,6.7,6.1,5.6,5.0,5.0,4.8,4.8,4.7,4.4,4.2,3.7,3.9,4.2,4.5,5.1,5.2,5.1,5.1,5.0,5.4,5.8
West Torrens (C),48410,3.6,3.6,3.8,3.6,3.3,3.2,3.2,3.4,3.7,4.1,4.5,4.8,5.0,5.1,4.9,5.1,5.0,5.3,5.6,5.5,5.2,4.9,4.7,4.9,5.4,5.8,5.7,5.3,5.1,4.7,4.3,4.1,3.8,3.8,4.0,4.1,4.1,4.3,4.5,4.8
Whyalla (C),48540,6.4,6.6,6.8,6.5,6.3,6.4,7.2,7.5,7.8,7.4,7.8,7.2,7.8,9.9,9.7,9.8,8.0,7.0,6.6,7.1,8.5,8.5,9.1,9.6,9.4,10.5,10.3,10.3,10.1,8.4,7.2,6.0,6.2,6.8,8.8,9.6,9.8,10.5,9.4,9.3
Wudinna (DC),48640,2.0,2.1,2.1,2.1,2.0,1.9,2.2,2.3,2.8,2.8,2.8,2.9,3.0,3.4,3.0,2.8,1.9,1.6,1.5,1.6,1.8,1.7,1.9,1.9,1.7,2.0,1.9,2.0,2.5,2.3,2.2,1.8,1.9,2.0,2.3,2.4,2.2,2.6,2.7,2.9
Yankalilla (DC),48750,5.5,5.5,5.5,5.3,4.9,5.1,5.1,5.5,6.1,5.8,6.2,6.3,6.4,6.4,6.1,6.4,7.1,7.7,8.2,7.7,6.9,6.1,5.3,5.2,5.0,5.0,4.8,4.5,4.3,4.0,4.3,4.5,4.7,5.1,5.1,5.0,5.1,5.5,6.0,6.6
Yorke Peninsula (DC),48830,3.5,3.3,3.3,3.7,4.1,4.4,4.4,4.3,4.4,5.1,5.3,6.4,7.6,7.8,8.3,8.1,7.5,7.3,7.9,8.4,8.0,8.1,7.3,5.9,5.3,4.5,4.5,5.1,6.1,6.2,6.3,6.1,6.1,6.6,7.3,7.1,6.9,7.4,6.6,6.4
Unincorporated SA,49399,3.4,3.5,3.6,3.4,3.4,3.3,4.0,4.3,4.8,4.7,4.8,4.6,4.8,5.7,5.5,5.3,4.2,3.7,3.6,3.9,4.6,4.5,4.6,4.7,4.7,5.2,5.0,5.1,5.0,4.3,3.8,3.3,3.6,3.9,4.9,5.3,5.1,5.7,5.3,5.3
Albany (C),50080,3.2,3.9,4.2,3.6,3.8,3.4,3.4,3.7,4.1,4.1,4.6,4.4,4.1,4.5,3.8,3.7,3.5,3.4,4.3,4.6,5.1,5.7,6.3,6.5,6.9,6.3,4.6,4.1,3.2,3.1,3.5,3.6,3.8,3.7,3.4,3.2,3.1,3.2,3.4,3.6
Armadale (C),50210,6.3,6.8,6.7,7.0,6.8,6.2,6.2,6.1,6.2,6.7,6.9,6.4,6.7,6.9,7.5,8.4,9.0,9.3,9.0,8.6,8.1,8.2,8.6,9.0,9.1,8.9,8.6,8.7,8.7,8.5,9.0,9.4,9.8,10.8,10.7,9.9,9.3,9.1,9.3,10.1
Ashburton (S),50250,1.6,1.3,1.2,1.0,0.7,0.7,0.6,0.7,0.8,0.9,1.1,1.2,1.3,1.3,1.1,1.0,0.9,0.9,0.9,0.9,0.9,0.9,0.9,0.9,0.8,0.7,0.6,0.6,0.5,0.6,0.6,0.7,0.7,0.7,0.7,0.8,0.8,0.8,0.8,0.7
Augusta-Margaret River (S),50280,3.5,3.8,4.1,4.4,4.5,4.4,4.4,4.5,4.7,5.0,4.6,4.1,3.7,2.9,3.1,3.1,3.0,3.3,3.7,3.5,3.5,3.2,2.6,2.9,3.0,2.8,2.9,3.0,3.2,3.6,3.6,3.3,3.0,2.7,2.6,2.6,2.7,3.6,4.6,4.8
Bassendean (T),50350,4.8,5.0,5.0,5.2,5.2,4.6,4.1,3.5,3.2,3.9,4.4,4.7,5.2,4.6,4.3,4.6,5.2,5.1,5.7,6.4,6.5,7.1,7.1,6.8,6.9,7.3,7.0,6.7,7.0,7.4,7.7,7.8,7.7,6.9,6.6,6.3,5.6,6.2,6.7,6.5
Bayswater (C),50420,4.3,4.3,4.3,4.6,4.7,4.3,4.0,3.3,2.9,3.4,3.8,4.0,4.5,4.1,3.7,3.9,4.3,4.2,4.7,5.1,5.0,5.4,5.5,5.3,5.4,5.7,5.5,5.1,5.4,5.9,6.2,6.5,6.4,5.6,5.4,5.1,4.5,5.3,5.9,5.9
Belmont (C),50490,4.9,5.2,5.1,5.3,5.2,4.8,4.9,4.9,5.0,5.3,5.4,4.9,4.9,5.0,5.6,6.2,6.6,6.7,6.3,6.1,5.9,6.1,6.4,6.7,6.8,6.6,6.3,6.3,6.4,6.3,6.8,7.1,7.4,8.0,7.8,7.1,6.7,7.1,7.7,8.8
Beverley (S),50560,3.2,4.0,4.2,3.9,4.3,4.2,4.5,5.1,5.3,5.1,5.3,4.9,4.8,5.2,4.4,4.3,3.9,4.0,4.8,5.3,5.7,6.2,6.6,6.7,6.9,6.1,4.4,3.8,3.0,3.0,3.6,3.9,3.9,3.7,3.4,3.1,3.2,3.3,3.8,4.1
Boddington (S),50630,-,-,-,-,-,-,-,-,-,-,-,-,-,-,-,-,-,-,-,-,-,-,-,-,-,-,-,-,-,-,-,-,-,-,-,-,1.8,2.1,2.5,2.9
Boyup Brook (S),50770,4.4,4.5,4.9,5.1,5.0,4.9,4.7,4.5,4.8,5.1,4.7,4.6,4.4,3.5,3.7,3.7,3.4,3.9,4.5,4.6,4.7,4.4,3.6,3.8,3.7,3.6,4.1,4.7,5.1,5.4,5.4,4.8,4.3,3.8,3.6,3.5,3.4,3.7,4.1,4.4
Bridgetown-Greenbushes (S),50840,4.4,4.5,4.9,5.1,5.0,5.0,4.7,4.6,4.7,5.1,4.7,4.6,4.4,3.5,3.7,3.7,3.4,3.9,4.5,4.5,4.6,4.4,3.6,3.8,3.7,3.6,4.1,4.6,5.1,5.5,5.3,4.8,4.3,3.8,3.5,3.5,3.4,3.7,4.1,4.3
Brookton (S),50910,3.4,4.4,5.0,4.7,5.3,4.8,4.7,4.7,4.6,4.6,5.2,5.1,4.8,5.5,4.7,5.0,4.8,4.6,5.7,6.0,6.7,7.7,8.7,8.9,9.5,8.1,5.9,5.0,3.5,3.3,4.0,4.1,4.2,3.9,3.4,3.1,3.1,3.3,3.6,3.5
Broome (S),50980,6.9,6.2,5.7,4.9,4.0,3.8,3.6,4.1,5.0,6.0,7.1,7.9,8.6,8.5,7.8,7.5,7.4,7.7,7.7,8.4,8.5,8.3,8.0,7.1,6.2,5.8,6.3,6.6,7.3,8.0,8.3,8.8,9.3,9.7,9.4,9.7,9.6,9.6,8.8,7.5
Broomehill-Tambellup (S),51080,2.8,3.7,4.3,3.9,4.1,3.7,3.2,3.4,3.4,3.2,3.6,3.5,3.6,3.9,3.3,3.3,3.0,3.0,3.7,4.1,4.6,5.1,5.3,5.4,5.5,4.9,3.5,3.1,2.5,2.3,2.8,3.0,3.1,3.2,2.9,2.8,2.6,2.5,2.7,2.7
Bruce Rock (S),51120,-,-,-,-,-,-,-,-,-,-,-,-,-,-,-,-,-,-,-,-,-,-,-,-,-,-,-,-,-,-,-,-,-,-,-,-,2.5,2.7,2.9,3.3
Bunbury (C),51190,7.3,7.4,7.4,7.5,7.4,7.3,7.4,7.6,8.1,8.4,7.9,7.4,7.0,5.7,6.0,6.0,5.8,6.4,7.2,6.8,6.9,6.8,6.0,6.8,6.8,6.7,7.0,8.0,8.8,9.7,9.3,8.3,7.6,6.9,7.1,7.6,7.7,8.2,8.9,8.5
Busselton (C),51260,4.5,4.6,5.0,5.3,5.5,5.4,5.2,5.1,5.2,5.4,5.0,4.6,4.2,3.3,3.4,3.4,3.3,3.7,4.3,4.1,4.1,3.9,3.4,3.7,3.8,3.7,4.0,4.4,4.8,5.1,5.0,4.5,4.1,3.6,3.6,3.8,3.8,4.5,5.1,5.2
Cambridge (T),51310,3.0,2.9,2.6,2.3,2.1,1.9,2.0,2.2,2.2,2.3,2.7,2.8,3.1,3.5,3.3,3.1,3.0,2.8,2.9,3.3,3.1,2.6,2.8,3.0,3.3,3.5,3.1,2.9,2.5,2.7,2.9,2.8,3.0,2.8,2.7,2.6,2.5,2.8,2.9,2.9
Canning (C),51330,3.2,3.5,3.5,3.7,3.5,3.2,3.2,3.2,3.3,3.6,3.7,3.4,3.6,3.7,4.1,4.5,4.7,4.8,4.6,4.4,4.2,4.2,4.4,4.6,4.7,4.6,4.5,4.6,4.7,4.6,5.0,5.2,5.4,5.8,5.7,5.2,4.8,5.1,5.6,6.3
Capel (S),51400,3.4,3.3,3.4,3.5,3.5,3.6,3.8,4.0,4.2,4.4,4.1,3.8,3.6,2.9,3.0,3.0,2.8,3.1,3.5,3.3,3.3,3.2,2.8,3.1,3.1,3.2,3.4,3.9,4.2,4.5,4.2,3.7,3.4,3.0,3.0,3.1,3.1,3.4,3.9,3.9
Carnamah (S),51470,-,-,-,-,-,-,-,-,-,-,-,-,-,-,-,-,-,-,-,-,-,-,-,-,-,-,-,-,-,-,-,-,-,-,-,-,5.6,5.7,5.3,4.5
Carnarvon (S),51540,11.1,9.8,8.9,7.5,5.9,5.5,4.9,5.5,6.8,8.2,10.3,11.9,13.4,13.7,12.4,11.8,11.5,11.5,11.2,11.6,11.0,10.6,10.1,8.8,7.6,6.7,7.2,7.0,7.5,8.3,9.4,11.1,12.2,13.3,13.2,13.4,13.8,13.4,12.0,10.2
Chapman Valley (S),51610,-,-,-,-,-,-,-,-,-,-,-,-,-,-,-,-,-,-,-,-,-,-,-,-,-,-,-,-,-,-,-,-,-,-,-,-,6.1,6.3,5.9,5.1
Chittering (S),51680,1.5,1.7,1.9,1.6,1.8,1.8,1.6,1.8,1.7,1.7,1.8,1.6,1.5,1.8,1.7,1.6,1.6,1.5,1.7,1.9,2.1,2.5,2.8,2.9,3.2,2.8,2.1,1.9,1.5,1.5,1.7,1.7,1.7,1.6,1.4,1.3,1.1,1.3,1.5,1.7
Claremont (T),51750,3.3,3.0,2.6,2.3,2.0,2.0,2.0,2.2,2.2,2.2,2.4,2.4,3.0,3.3,3.3,3.1,2.8,2.7,2.8,3.2,3.1,2.6,2.8,3.0,3.3,3.5,3.1,2.8,2.2,2.3,2.5,2.4,2.7,2.8,2.8,2.8,2.7,2.9,3.2,3.3
Cockburn (C),51820,4.5,4.3,4.3,4.3,4.6,4.4,4.1,4.3,4.5,4.8,4.8,4.8,5.0,5.0,5.2,5.4,5.3,5.2,5.3,5.5,5.4,5.5,5.8,6.1,6.6,6.6,6.4,6.2,5.9,5.9,6.0,5.8,5.8,5.9,6.1,6.3,6.2,6.4,6.5,6.5
Collie (S),51890,6.4,6.4,6.5,6.5,6.4,6.4,6.5,6.8,7.5,8.1,7.6,7.2,7.0,5.8,6.3,6.7,6.5,7.3,8.5,8.1,8.2,8.1,7.1,7.8,7.8,7.7,8.3,9.5,10.6,11.8,11.4,10.5,9.5,8.4,8.2,8.6,8.6,8.9,9.7,9.2
Coolgardie (S),51960,-,-,-,-,-,-,-,-,-,-,-,-,-,-,-,-,-,-,-,-,-,-,-,-,-,-,-,-,-,-,-,-,-,-,-,-,7.0,6.9,6.5,5.6
Coorow (S),52030,-,-,-,-,-,-,-,-,-,-,-,-,-,-,-,-,-,-,-,-,-,-,-,-,-,-,-,-,-,-,-,-,-,-,-,-,5.8,5.6,5.3,4.8
Corrigin (S),52100,3.3,4.4,4.9,4.8,5.4,4.9,4.8,4.8,4.8,4.6,5.1,5.0,4.8,5.6,4.7,5.0,4.8,4.6,5.8,6.0,6.6,7.8,8.6,8.8,9.7,8.2,5.9,4.9,3.4,3.3,3.8,4.1,4.2,3.9,3.5,3.1,3.1,3.3,3.5,3.6
Cottesloe (T),52170,1.8,1.7,1.7,1.6,1.5,1.5,1.6,1.9,1.9,1.8,1.8,1.7,2.1,2.4,2.4,2.3,2.2,2.0,2.0,2.1,1.8,1.4,1.4,1.5,1.7,1.8,1.7,1.5,1.2,1.2,1.3,1.4,1.5,1.4,1.4,1.4,1.5,1.8,2.0,2.1
Cranbrook (S),52240,2.8,3.8,4.2,3.8,4.0,3.5,3.2,3.2,3.4,3.2,3.6,3.6,3.4,3.8,3.3,3.3,3.0,3.0,3.7,4.1,4.5,5.1,5.3,5.3,5.7,5.0,3.5,3.1,2.4,2.5,2.8,3.1,3.2,3.1,2.9,2.7,2.6,2.6,2.6,2.8
Cuballing (S),52310,2.3,2.8,3.0,2.4,2.4,2.1,2.1,2.3,2.5,2.5,3.0,2.9,2.9,3.2,2.7,2.6,2.4,2.4,3.1,3.3,3.6,4.1,4.3,4.4,4.5,4.0,2.8,2.6,2.1,2.2,2.6,2.5,2.7,2.6,2.6,2.6,2.6,2.6,2.7,2.6
Cue (S),52380,-,-,-,-,-,-,-,-,-,-,-,-,-,-,-,-,-,-,-,-,-,-,-,-,-,-,-,-,-,-,-,-,-,-,-,-,18.3,17.2,16.3,12.9
Cunderdin (S),52450,-,-,-,-,-,-,-,-,-,-,-,-,-,-,-,-,-,-,-,-,-,-,-,-,-,-,-,-,-,-,-,-,-,-,-,-,4.4,4.3,4.6,5.2
Dalwallinu (S),52520,-,-,-,-,-,-,-,-,-,-,-,-,-,-,-,-,-,-,-,-,-,-,-,-,-,-,-,-,-,-,-,-,-,-,-,-,2.7,2.6,2.8,2.9
Dandaragan (S),52590,-,-,-,-,-,-,-,-,-,-,-,-,-,-,-,-,-,-,-,-,-,-,-,-,-,-,-,-,-,-,-,-,-,-,-,-,2.4,2.6,2.9,3.1
Dardanup (S),52660,2.8,2.7,2.8,2.9,3.0,3.0,3.0,3.0,3.3,3.5,3.4,3.3,3.1,2.6,2.6,2.5,2.4,2.6,3.0,2.9,3.0,2.9,2.6,3.0,3.1,3.0,3.3,3.7,4.2,4.7,4.5,4.1,3.8,3.3,3.4,3.6,3.5,3.9,4.2,4.2
Denmark (S),52730,3.0,3.5,3.7,3.1,3.4,3.2,3.2,3.5,3.9,4.1,4.8,4.7,4.6,5.2,4.6,4.4,4.0,3.6,4.2,4.4,4.9,5.5,5.8,6.1,6.6,6.0,4.6,4.1,3.2,3.0,3.5,3.6,3.7,3.6,3.1,2.8,2.6,3.0,3.4,3.7
Derby-West Kimberley (S),52800,12.8,11.3,10.5,9.4,7.7,7.4,6.9,7.9,9.7,12.1,15.3,18.5,21.1,21.2,19.5,18.0,17.8,18.9,20.4,22.9,24.3,25.7,24.4,21.9,19.6,17.6,18.7,19.6,21.4,23.5,25.0,27.0,29.5,30.2,29.8,31.8,32.2,31.1,27.9,22.3
Donnybrook-Balingup (S),52870,4.9,4.9,5.0,4.9,4.9,4.7,4.4,4.5,4.6,4.9,4.6,4.4,4.3,3.6,3.9,4.0,3.7,4.1,4.3,4.1,4.1,4.0,3.6,4.0,4.1,4.1,4.3,4.7,5.2,5.9,5.9,5.6,5.2,4.6,4.4,4.4,4.2,4.5,5.3,5.3
Dowerin (S),52940,3.1,3.8,4.0,3.2,3.0,2.8,2.8,3.1,3.3,3.3,3.7,3.5,3.6,4.0,3.6,3.5,3.2,3.2,4.2,4.5,5.1,6.1,6.8,7.1,7.4,6.4,4.5,4.1,3.2,3.0,3.6,3.5,3.7,3.6,3.5,3.3,3.0,2.8,2.8,3.0
Dumbleyung (S),53010,-,-,-,-,-,-,-,-,-,-,-,-,-,-,-,-,-,-,-,-,-,-,-,-,-,-,-,-,-,-,-,-,-,-,-,-,1.6,1.6,1.9,1.9
Dundas (S),53080,-,-,-,-,-,-,-,-,-,-,-,-,-,-,-,-,-,-,-,-,-,-,-,-,-,-,-,-,-,-,-,-,-,-,-,-,7.2,7.0,6.5,5.6
East Fremantle (T),53150,2.5,2.3,2.2,2.1,2.2,2.3,2.2,2.5,2.5,2.8,2.8,2.8,2.9,3.0,3.2,3.3,3.2,3.0,2.8,2.9,2.8,2.7,2.8,3.0,3.2,3.2,2.9,2.7,2.5,2.7,2.8,2.8,3.1,3.3,3.4,3.5,3.1,3.2,3.6,3.7
East Pilbara (S),53220,-,-,-,-,-,-,-,-,-,-,-,-,-,-,-,-,-,-,-,-,-,-,-,-,-,-,-,-,-,-,-,-,-,-,-,-,4.6,4.3,3.8,3.1
Esperance (S),53290,4.0,3.6,3.3,2.8,2.4,2.2,2.0,2.3,2.9,3.7,4.9,5.6,6.1,5.9,5.3,4.8,4.6,4.7,4.5,4.7,4.5,4.3,4.1,3.6,3.3,3.0,3.2,3.2,3.5,3.8,4.0,4.2,4.1,4.2,4.0,4.0,4.2,4.4,4.1,3.8
Exmouth (S),53360,3.0,2.9,2.8,2.4,1.9,1.9,1.6,1.8,2.2,2.9,3.6,4.2,4.6,4.4,3.9,3.5,3.5,3.7,3.7,4.1,4.1,4.0,3.9,3.3,3.0,2.8,2.9,2.9,2.9,2.9,3.0,3.2,3.1,3.4,3.2,3.1,3.1,4.1,4.3,4.3
Fremantle (C),53430,7.0,6.8,6.8,6.5,6.8,6.5,6.0,6.5,6.7,7.3,7.4,7.3,7.5,7.2,7.5,7.5,7.3,7.2,7.1,7.3,7.3,7.2,7.2,7.2,7.5,7.4,7.2,6.9,6.6,6.8,7.0,6.9,7.2,7.5,8.0,8.2,7.9,8.1,8.2,8.3
Gingin (S),53570,1.9,2.4,2.5,2.2,2.3,2.2,2.1,2.3,2.7,2.8,3.3,3.2,3.0,3.3,2.9,2.9,2.8,2.6,3.2,3.6,4.0,4.5,4.9,5.0,5.3,4.7,3.4,2.9,2.3,2.3,2.9,3.1,3.3,3.1,2.8,2.5,2.4,2.6,2.9,3.1
Gnowangerup (S),53640,-,-,-,-,-,-,-,-,-,-,-,-,-,-,-,-,-,-,-,-,-,-,-,-,-,-,-,-,-,-,-,-,-,-,-,-,2.1,2.1,2.4,2.4
Goomalling (S),53710,-,-,-,-,-,-,-,-,-,-,-,-,-,-,-,-,-,-,-,-,-,-,-,-,-,-,-,-,-,-,-,-,-,-,-,-,3.0,2.9,2.9,3.1
Gosnells (C),53780,5.3,5.8,5.8,6.0,5.7,5.2,5.2,5.2,5.4,5.8,6.1,5.6,5.8,6.0,6.6,7.6,8.3,8.6,8.3,7.9,7.3,7.2,7.5,7.8,7.9,7.8,7.6,7.8,7.9,7.8,8.2,8.5,8.8,9.5,9.3,8.6,8.1,8.3,8.7,9.6
Greater Geraldton (C),53800,5.9,5.2,4.9,4.1,3.3,3.1,2.8,3.3,4.0,4.9,6.2,6.9,7.4,7.2,6.4,6.1,6.3,6.6,6.6,7.3,7.2,6.9,6.8,6.0,5.4,5.1,5.7,5.9,6.9,7.7,8.1,8.8,8.9,9.0,8.4,8.4,8.3,8.3,7.8,6.8
Halls Creek (S),53920,23.8,22.2,23.0,21.4,18.7,18.4,17.0,19.4,22.9,27.3,32.9,37.6,42.8,43.3,39.2,36.0,33.1,33.0,33.7,36.5,36.5,37.1,35.3,31.1,28.5,25.6,27.5,28.1,29.6,30.0,30.5,31.5,33.8,36.9,36.5,39.3,40.9,39.9,36.7,30.2
Harvey (S),53990,4.0,4.0,4.0,4.1,4.0,4.0,4.0,4.0,4.2,4.4,4.1,3.8,3.7,3.0,3.3,3.3,3.2,3.6,4.0,3.8,3.8,3.7,3.3,3.6,3.6,3.6,3.8,4.5,5.0,5.4,5.3,4.7,4.2,3.7,3.7,3.8,3.9,4.2,4.4,4.2
Irwin (S),54060,3.2,2.7,2.7,2.3,2.0,1.9,1.7,2.3,2.9,3.7,5.2,5.6,6.5,6.5,5.5,5.0,4.5,4.8,5.0,5.9,6.0,5.6,5.3,4.5,3.8,3.5,3.6,3.5,4.2,4.6,5.0,5.3,5.3,5.2,4.5,4.4,4.5,4.7,4.7,4.4
Jerramungup (S),54130,1.8,2.3,2.5,2.2,2.4,2.2,2.3,2.4,2.2,2.1,2.3,2.2,2.1,2.2,2.0,2.1,2.0,2.2,2.7,2.7,3.0,3.5,4.1,4.3,4.6,4.2,2.8,2.6,1.9,1.8,2.1,2.2,2.1,2.2,2.1,2.1,2.1,2.1,2.4,2.4
Joondalup (C),54170,2.5,2.4,2.3,2.2,2.1,2.2,2.3,2.3,2.2,2.3,2.3,2.2,2.3,2.4,2.6,2.9,2.8,3.1,3.5,3.8,4.1,4.2,3.9,3.9,4.2,4.3,4.7,4.5,4.4,4.3,4.1,4.2,4.1,4.0,3.9,3.7,3.5,4.0,4.6,5.1
Kalamunda (C),54200,2.5,2.7,2.7,2.8,2.7,2.6,2.6,2.6,2.7,2.9,3.1,2.8,3.0,3.2,3.4,3.9,4.2,4.3,4.2,4.1,3.8,3.9,4.0,4.3,4.4,4.3,4.2,4.2,4.3,4.2,4.5,4.7,5.0,5.4,5.2,4.7,4.4,4.7,5.2,5.9
Kalgoorlie/Boulder (C),54280,3.6,3.1,2.8,2.3,1.9,1.8,1.8,2.1,2.6,3.1,3.9,4.4,4.9,4.9,4.5,4.2,4.0,4.2,4.2,4.6,4.7,4.6,4.6,4.0,3.5,3.1,3.3,3.3,3.7,4.0,4.1,4.4,4.5,4.7,4.4,4.4,4.4,4.4,4.1,3.6
Karratha (C),54310,2.4,2.1,1.9,1.6,1.3,1.3,1.3,1.5,1.8,2.3,3.0,3.4,4.0,4.0,3.7,3.4,3.2,3.0,2.8,3.0,2.7,2.5,2.4,2.0,1.9,1.7,1.8,1.8,2.0,2.3,2.7,3.1,3.3,3.4,3.2,3.1,3.0,3.0,2.9,2.6
Katanning (S),54340,4.5,5.8,6.3,5.8,6.5,6.2,6.4,7.0,7.5,7.4,7.9,7.6,6.8,7.2,6.1,6.1,6.0,6.1,7.7,8.0,8.8,9.2,9.4,10.0,11.0,10.0,7.8,6.7,4.9,4.7,5.1,5.3,5.5,5.3,5.0,4.8,4.7,4.8,5.0,5.0
Kellerberrin (S),54410,4.4,5.5,5.9,5.4,6.2,5.6,5.3,5.5,5.6,5.6,6.2,6.1,5.4,6.0,5.1,5.2,4.6,4.3,5.2,5.6,6.5,7.8,9.0,10.0,10.8,9.5,7.1,5.7,4.0,3.7,4.2,4.4,4.7,4.7,4.3,4.2,4.4,4.3,4.7,5.2
Kent (S),54480,-,-,-,-,-,-,-,-,-,-,-,-,-,-,-,-,-,-,-,-,-,-,-,-,-,-,-,-,-,-,-,-,-,-,-,-,2.2,2.3,2.3,2.5
Kojonup (S),54550,2.8,3.7,4.2,3.7,4.1,3.6,3.2,3.3,3.4,3.3,3.8,3.7,3.5,3.8,3.3,3.2,3.0,3.0,3.8,4.1,4.5,5.0,5.3,5.3,5.6,4.9,3.5,3.0,2.4,2.4,2.8,3.0,3.2,3.1,2.9,2.7,2.6,2.5,2.6,2.7
Kondinin (S),54620,-,-,-,-,-,-,-,-,-,-,-,-,-,-,-,-,-,-,-,-,-,-,-,-,-,-,-,-,-,-,-,-,-,-,-,-,1.6,1.6,1.8,1.8
Koorda (S),54690,3.0,3.8,4.1,3.3,3.0,2.6,2.6,3.1,3.5,3.5,3.5,3.7,3.7,3.8,3.3,3.6,3.2,3.2,4.1,4.7,5.2,6.1,6.7,7.2,7.7,6.6,4.7,4.1,3.2,3.3,3.7,3.6,3.5,3.5,3.4,3.1,3.1,2.7,2.7,3.2
Kulin (S),54760,1.8,2.1,2.2,1.9,2.3,2.2,2.2,2.2,2.4,2.2,2.7,2.6,2.4,2.7,2.4,2.4,2.2,2.0,2.4,2.7,2.9,3.4,3.4,3.4,3.6,3.3,2.6,2.2,1.5,1.5,1.9,2.1,2.3,2.0,1.8,1.6,1.6,1.7,1.9,1.9
Kwinana (C),54830,8.4,8.0,8.0,7.9,8.3,8.2,7.8,8.3,8.8,9.5,9.5,9.6,9.8,9.6,9.9,9.9,9.8,9.5,9.6,10.1,10.4,10.6,11.1,11.5,12.2,12.2,11.7,11.5,11.2,11.5,11.7,11.3,11.3,11.2,11.5,11.8,11.6,11.3,11.0,10.6
Lake Grace (S),54900,1.7,2.1,2.2,1.9,2.2,2.2,2.2,2.3,2.3,2.3,2.8,2.7,2.6,2.9,2.4,2.4,2.2,2.0,2.4,2.6,3.0,3.3,3.4,3.4,3.7,3.2,2.5,2.1,1.6,1.6,2.0,2.1,2.1,2.1,1.8,1.6,1.6,1.6,1.8,1.9
Laverton (S),54970,-,-,-,-,-,-,-,-,-,-,-,-,-,-,-,-,-,-,-,-,-,-,-,-,-,-,-,-,-,-,-,-,-,-,-,-,16.8,16.1,14.5,10.9
Leonora (S),55040,-,-,-,-,-,-,-,-,-,-,-,-,-,-,-,-,-,-,-,-,-,-,-,-,-,-,-,-,-,-,-,-,-,-,-,-,16.8,16.2,14.5,10.9
Mandurah (C),55110,7.6,6.3,6.4,6.2,4.9,4.7,4.2,4.1,5.9,6.2,6.9,7.5,6.5,7.3,7.9,7.7,8.4,8.6,9.0,9.4,9.5,10.2,11.5,11.3,10.9,9.3,6.8,7.0,7.7,8.7,8.1,7.4,6.7,5.5,6.3,7.0,6.9,8.7,10.2,10.4
Manjimup (S),55180,6.0,6.1,6.3,6.3,6.4,6.5,6.8,7.0,7.3,7.5,6.8,6.0,5.7,4.5,4.7,4.7,4.4,4.8,5.2,4.9,4.8,4.6,4.1,4.5,4.7,4.5,4.7,5.2,5.7,6.4,6.3,5.7,5.2,4.6,4.3,4.5,4.4,4.7,5.2,5.1
Meekatharra (S),55250,11.0,9.8,8.8,7.5,5.9,5.6,5.2,6.0,7.4,8.9,11.4,12.9,14.7,14.9,13.6,13.2,12.7,13.2,13.3,14.2,14.2,13.7,13.2,11.8,10.6,10.1,11.2,11.6,13.0,14.4,14.8,15.8,16.1,16.8,16.5,17.9,18.4,17.8,15.9,12.6
Melville (C),55320,2.4,2.3,2.3,2.2,2.3,2.3,2.1,2.2,2.4,2.6,2.7,2.7,2.8,2.8,3.0,3.1,3.0,3.0,3.0,3.1,3.1,3.1,3.2,3.3,3.5,3.5,3.4,3.3,3.1,3.2,3.2,3.1,3.2,3.2,3.3,3.4,3.3,3.7,3.9,4.1
Menzies (S),55390,-,-,-,-,-,-,-,-,-,-,-,-,-,-,-,-,-,-,-,-,-,-,-,-,-,-,-,-,-,-,-,-,-,-,-,-,16.7,16.0,14.7,11.2
Merredin (S),55460,3.0,3.6,3.8,3.1,3.4,3.2,3.1,3.5,3.9,3.9,4.6,4.5,4.3,4.9,4.2,4.3,4.0,3.7,4.5,4.6,5.0,5.7,6.4,6.7,7.0,6.0,4.2,3.6,2.7,2.7,2.9,2.9,3.0,2.7,2.6,2.5,2.5,2.7,3.0,3.2
Mingenew (S),55530,-,-,-,-,-,-,-,-,-,-,-,-,-,-,-,-,-,-,-,-,-,-,-,-,-,-,-,-,-,-,-,-,-,-,-,-,6.0,5.6,5.1,4.6
Moora (S),55600,2.4,2.9,3.1,2.6,2.8,2.6,2.5,2.7,2.9,2.9,3.3,3.2,3.1,3.5,3.0,3.1,3.0,2.9,3.6,3.8,4.2,4.8,5.6,5.8,5.9,5.1,3.5,3.0,2.5,2.4,2.9,3.1,3.4,3.4,3.1,2.9,2.6,2.6,2.8,2.9
Morawa (S),55670,-,-,-,-,-,-,-,-,-,-,-,-,-,-,-,-,-,-,-,-,-,-,-,-,-,-,-,-,-,-,-,-,-,-,-,-,5.6,5.7,5.2,4.5
Mosman Park (T),55740,4.6,4.4,3.9,3.6,3.4,3.0,3.1,3.5,3.5,3.6,4.0,3.9,4.2,4.7,4.4,4.2,4.1,3.9,3.9,4.3,4.1,3.2,3.3,3.6,3.9,4.1,3.8,3.5,2.8,3.1,3.5,3.4,3.8,3.7,3.6,3.4,3.3,3.5,3.8,3.9
Mount Magnet (S),55810,11.1,9.8,8.8,7.4,5.8,5.5,5.1,6.1,7.4,8.9,11.5,13.0,14.7,14.8,13.6,13.2,12.7,13.1,13.3,14.2,14.2,13.7,13.2,11.8,10.5,10.0,11.4,11.6,13.0,14.5,14.8,15.9,16.1,16.7,16.7,17.9,18.7,17.7,15.8,12.4
Mount Marshall (S),55880,-,-,-,-,-,-,-,-,-,-,-,-,-,-,-,-,-,-,-,-,-,-,-,-,-,-,-,-,-,-,-,-,-,-,-,-,2.5,2.6,2.6,2.6
Mukinbudin (S),55950,-,-,-,-,-,-,-,-,-,-,-,-,-,-,-,-,-,-,-,-,-,-,-,-,-,-,-,-,-,-,-,-,-,-,-,-,2.4,2.4,2.4,2.4
Mundaring (S),56090,3.7,3.8,3.8,4.0,4.2,3.8,3.5,3.0,2.6,3.1,3.4,3.6,4.0,3.7,3.5,3.8,4.3,4.2,4.7,5.1,5.0,5.4,5.5,5.4,5.5,5.8,5.6,5.2,5.5,5.9,6.1,6.2,6.0,5.2,4.9,4.8,4.4,5.1,5.6,5.5
Murchison (S),56160,-,-,-,-,-,-,-,-,-,-,-,-,-,-,-,-,-,-,-,-,-,-,-,-,-,-,-,-,-,-,-,-,-,-,-,-,19.3,18.1,15.9,13.3
Murray (S),56230,6.0,5.1,5.3,5.2,3.9,3.8,3.4,3.4,5.1,5.3,6.0,6.7,5.8,6.6,7.1,6.8,7.3,7.5,7.8,8.3,8.5,9.3,10.6,10.4,10.1,8.8,6.5,6.7,7.3,7.9,7.1,6.4,5.6,4.6,5.3,5.8,5.7,7.3,8.7,9.2
Nannup (S),56300,-,-,-,-,-,-,-,-,-,-,-,-,-,-,-,-,-,-,-,-,-,-,-,-,-,-,-,-,-,-,-,-,-,-,-,-,4.1,4.4,5.0,5.0
Narembeen (S),56370,3.0,3.5,3.7,3.3,3.4,3.2,3.2,3.5,3.9,3.9,4.7,4.7,4.3,4.9,4.3,4.2,3.9,3.7,4.5,4.8,5.0,5.8,6.3,6.6,7.1,5.9,4.1,3.6,2.8,2.8,3.0,2.9,2.9,2.8,2.5,2.6,2.6,2.8,2.8,3.3
Narrogin (S),56460,4.4,5.5,5.9,5.1,5.7,5.4,5.5,6.1,6.7,6.7,7.5,7.3,6.7,7.2,6.0,6.0,5.5,5.4,6.5,6.6,7.2,8.0,8.7,9.4,9.8,8.5,6.0,4.9,3.7,3.6,4.2,4.3,4.7,4.7,4.4,4.2,4.0,3.9,4.0,4.1
Nedlands (C),56580,1.9,1.9,1.8,1.6,1.5,1.4,1.5,1.6,1.6,1.7,1.9,2.0,2.5,2.9,2.8,2.7,2.5,2.3,2.3,2.5,2.3,1.9,2.0,2.2,2.5,2.6,2.4,2.3,1.9,1.9,2.0,1.8,2.1,2.0,2.0,2.0,1.9,2.1,2.2,2.3
Ngaanyatjarraku (S),56620,-,-,-,-,-,-,-,-,-,-,-,-,-,-,-,-,-,-,-,-,-,-,-,-,-,-,-,-,-,-,-,-,-,-,-,-,16.8,16.3,14.6,11.0
Northam (S),56730,5.1,6.1,6.4,5.6,6.0,5.7,5.7,6.3,6.9,6.7,7.3,7.0,6.6,7.5,6.5,6.7,6.4,6.4,7.9,8.3,9.2,10.3,11.7,12.3,13.3,11.9,8.8,7.6,5.7,5.5,6.1,6.3,6.9,6.7,6.4,6.0,5.9,5.7,5.8,5.9
Northampton (S),56790,4.8,4.3,4.4,3.9,3.3,3.3,2.9,3.2,3.9,4.9,6.2,7.0,7.7,7.7,7.1,6.9,7.0,7.3,7.2,7.7,7.3,6.6,6.0,5.0,4.3,4.0,4.7,4.8,5.6,6.3,7.0,8.0,8.3,8.7,8.0,7.8,7.7,7.8,7.3,6.4
Nungarin (S),56860,-,-,-,-,-,-,-,-,-,-,-,-,-,-,-,-,-,-,-,-,-,-,-,-,-,-,-,-,-,-,-,-,-,-,-,-,2.5,2.5,2.5,2.5
Peppermint Grove (S),56930,-,-,-,-,-,-,-,-,-,-,-,-,-,-,-,-,-,-,-,-,-,-,-,-,-,-,-,-,-,-,-,-,-,-,-,-,3.2,3.5,3.7,3.9
Perenjori (S),57000,-,-,-,-,-,-,-,-,-,-,-,-,-,-,-,-,-,-,-,-,-,-,-,-,-,-,-,-,-,-,-,-,-,-,-,-,5.7,5.8,5.5,4.7
Perth (C),57080,-,-,-,-,-,-,-,-,-,-,-,-,-,-,-,-,-,-,-,-,-,-,-,-,-,-,-,-,-,-,-,-,-,-,-,-,5.2,5.4,5.4,5.3
Pingelly (S),57140,3.3,4.5,5.1,4.8,5.4,5.0,4.7,4.8,4.7,4.5,5.0,5.0,4.9,5.7,4.9,5.1,4.9,4.8,5.8,6.0,6.6,7.8,8.5,8.9,9.6,8.2,5.9,5.0,3.5,3.4,3.8,4.1,4.2,3.9,3.5,3.1,3.1,3.3,3.5,3.6
Plantagenet (S),57210,3.4,4.6,5.0,4.6,5.1,4.5,4.5,5.0,5.3,5.3,6.1,5.8,5.6,6.6,5.6,5.6,5.3,4.8,5.8,6.1,6.7,7.4,8.1,8.7,9.2,8.1,5.9,4.9,3.7,3.6,4.2,4.4,4.6,4.4,4.1,3.7,3.5,3.6,3.9,4.2
Port Hedland (T),57280,4.5,3.8,3.5,3.0,2.5,2.4,2.3,2.7,3.3,4.1,5.1,5.8,6.4,6.4,5.8,5.6,5.4,5.6,5.4,5.5,5.1,4.7,4.5,3.9,3.4,3.1,3.3,3.3,3.7,4.2,4.6,5.0,5.3,5.6,5.4,5.5,5.5,5.4,5.0,4.5
Quairading (S),57350,-,-,-,-,-,-,-,-,-,-,-,-,-,-,-,-,-,-,-,-,-,-,-,-,-,-,-,-,-,-,-,-,-,-,-,-,4.5,4.3,4.8,5.1
Ravensthorpe (S),57420,-,-,-,-,-,-,-,-,-,-,-,-,-,-,-,-,-,-,-,-,-,-,-,-,-,-,-,-,-,-,-,-,-,-,-,-,2.8,2.9,2.7,2.6
Rockingham (C),57490,5.7,5.5,5.6,5.6,5.9,5.7,5.3,5.4,5.6,6.0,6.0,6.1,6.4,6.4,6.7,6.9,6.7,6.6,6.7,7.1,7.3,7.5,8.0,8.4,9.0,9.0,8.7,8.5,8.4,8.7,8.9,8.6,8.6,8.6,8.8,9.1,8.9,9.0,8.9,8.8
Sandstone (S),57630,-,-,-,-,-,-,-,-,-,-,-,-,-,-,-,-,-,-,-,-,-,-,-,-,-,-,-,-,-,-,-,-,-,-,-,-,18.4,18.4,16.7,12.2
Serpentine-Jarrahdale (S),57700,2.5,2.7,2.7,2.8,2.6,2.4,2.4,2.3,2.5,2.7,2.9,2.7,2.8,2.9,3.1,3.5,3.7,3.8,3.8,3.7,3.6,3.8,4.1,4.3,4.5,4.4,4.2,4.2,4.2,4.0,4.2,4.3,4.4,4.8,4.7,4.3,4.2,4.4,4.9,5.5
Shark Bay (S),57770,3.0,2.8,2.7,2.5,2.0,1.8,1.6,1.8,2.3,2.9,3.6,4.3,4.7,4.5,3.9,3.5,3.5,3.8,3.6,4.2,4.1,3.9,3.9,3.4,3.1,2.9,2.9,2.9,2.9,2.9,3.1,3.1,3.2,3.5,3.1,3.2,3.2,4.1,4.3,4.3
South Perth (C),57840,2.3,2.5,2.5,2.5,2.4,2.2,2.3,2.3,2.3,2.5,2.5,2.3,2.4,2.4,2.6,2.9,3.1,3.3,3.3,3.2,3.0,3.0,3.0,3.2,3.4,3.4,3.3,3.4,3.4,3.4,3.5,3.6,3.7,4.0,3.8,3.5,3.2,3.5,4.0,4.7
Stirling (C),57910,4.8,4.7,4.4,4.4,4.4,4.7,4.9,4.9,4.7,4.6,4.5,4.2,4.5,4.6,4.9,5.4,5.3,5.6,6.4,6.7,6.9,6.7,6.2,6.1,6.4,6.6,6.9,6.7,6.5,6.4,6.3,6.4,6.3,6.2,6.0,5.7,5.6,6.1,6.6,7.1
Subiaco (C),57980,3.3,3.2,3.0,2.7,2.4,2.3,2.3,2.5,2.4,2.5,2.7,2.8,3.4,3.8,3.6,3.4,3.1,3.1,3.1,3.6,3.7,3.0,3.3,3.5,3.9,4.1,3.8,3.5,2.9,3.1,3.4,3.3,3.6,3.4,3.3,3.2,3.1,3.3,3.5,3.5
Swan (C),58050,4.8,4.9,4.9,5.4,5.5,5.0,4.7,3.9,3.4,4.1,4.4,4.7,5.1,4.7,4.3,4.8,5.4,5.3,5.8,6.3,6.3,6.8,6.9,6.8,6.9,7.3,7.0,6.5,7.0,7.5,7.8,8.0,7.7,6.8,6.6,6.3,5.8,6.5,7.1,7.0
Tammin (S),58190,4.1,5.5,5.9,5.5,6.1,5.7,5.2,5.2,5.6,5.6,6.3,5.9,5.5,6.1,5.4,5.2,4.7,4.2,5.3,5.9,6.4,8.0,9.1,9.7,10.8,9.5,7.3,5.6,4.1,3.6,4.1,4.5,4.9,4.7,4.2,4.3,4.3,4.3,4.9,5.3
Three Springs (S),58260,-,-,-,-,-,-,-,-,-,-,-,-,-,-,-,-,-,-,-,-,-,-,-,-,-,-,-,-,-,-,-,-,-,-,-,-,6.0,5.7,5.3,4.6
Toodyay (S),58330,2.5,3.1,3.3,2.9,3.2,3.1,3.3,3.6,4.0,3.9,4.3,4.2,4.0,4.5,3.9,4.0,3.8,3.8,4.8,5.2,5.5,6.1,6.6,6.9,7.6,7.0,5.3,4.5,3.5,3.3,3.9,4.0,4.2,4.0,3.6,3.4,3.2,3.3,3.6,3.9
Trayning (S),58400,-,-,-,-,-,-,-,-,-,-,-,-,-,-,-,-,-,-,-,-,-,-,-,-,-,-,-,-,-,-,-,-,-,-,-,-,2.3,2.4,2.4,2.4
Upper Gascoyne (S),58470,2.8,2.8,2.8,2.1,2.1,2.1,1.4,2.0,2.0,2.6,3.9,4.5,4.3,4.3,3.6,3.6,3.6,3.5,3.6,4.2,4.3,4.3,4.2,3.6,2.9,2.9,2.9,2.9,2.9,2.9,2.9,3.0,3.1,3.1,3.2,3.2,3.2,3.8,4.5,4.5
Victoria Park (T),58510,3.7,4.0,4.0,4.0,3.8,3.4,3.4,3.4,3.5,3.8,3.9,3.5,3.6,3.5,3.8,4.3,4.6,4.8,4.6,4.5,4.3,4.4,4.6,4.8,4.8,4.8,4.7,4.9,5.1,5.0,5.4,5.6,5.8,6.2,6.0,5.5,5.1,5.3,5.7,6.5
Victoria Plains (S),58540,2.4,2.9,3.1,2.7,3.0,2.7,2.7,2.9,3.1,3.1,3.3,3.2,3.1,3.6,2.9,3.0,3.0,3.0,3.7,3.7,4.3,4.9,5.6,5.8,6.0,5.1,3.6,3.1,2.5,2.4,2.9,3.0,3.4,3.5,3.1,2.8,2.6,2.7,2.7,2.9
Vincent (C),58570,5.0,4.9,4.5,4.0,3.7,3.5,3.7,4.0,4.0,4.1,4.5,4.5,5.1,5.7,5.4,5.1,5.1,5.1,5.4,6.2,6.0,4.9,5.4,6.0,6.6,6.9,6.2,5.7,4.8,5.2,5.6,5.3,5.6,5.2,5.1,4.9,4.7,5.0,5.0,4.9
Wagin (S),58610,2.2,2.7,3.0,2.5,2.5,2.1,2.1,2.3,2.4,2.5,2.9,2.9,3.0,3.2,2.7,2.7,2.5,2.4,3.1,3.4,3.7,4.1,4.4,4.3,4.5,4.0,2.8,2.6,2.1,2.2,2.5,2.6,2.7,2.7,2.6,2.6,2.5,2.6,2.6,2.6
Wandering (S),58680,3.4,4.5,4.9,5.0,5.5,5.2,4.8,4.8,4.7,4.7,5.3,5.0,5.1,5.6,5.1,4.9,4.9,5.0,5.9,5.9,6.4,7.8,8.8,8.8,9.7,8.2,5.8,4.9,3.5,3.1,4.0,3.9,4.3,3.7,3.3,3.3,3.3,3.3,3.4,3.8
Wanneroo (C),58760,4.9,4.7,4.4,4.4,4.3,4.6,4.7,4.7,4.7,4.8,4.7,4.4,4.8,4.8,5.3,6.0,5.9,6.3,7.3,7.8,8.2,8.1,7.6,7.6,8.0,8.3,8.8,8.5,8.4,8.2,7.8,7.9,7.7,7.5,7.1,6.8,6.8,7.4,8.1,8.6
Waroona (S),58820,6.4,6.4,6.3,6.6,6.5,6.5,6.8,6.7,7.0,7.2,6.6,6.5,6.2,5.1,5.2,4.8,4.5,4.8,5.4,5.3,5.5,5.7,5.1,5.7,5.6,5.3,5.5,6.2,7.1,7.8,7.8,7.1,6.4,5.8,5.5,5.5,5.4,5.6,5.8,5.8
West Arthur (S),58890,-,-,-,-,-,-,-,-,-,-,-,-,-,-,-,-,-,-,-,-,-,-,-,-,-,-,-,-,-,-,-,-,-,-,-,-,2.6,2.6,2.6,2.6
Westonia (S),59030,-,-,-,-,-,-,-,-,-,-,-,-,-,-,-,-,-,-,-,-,-,-,-,-,-,-,-,-,-,-,-,-,-,-,-,-,2.0,2.1,2.6,2.6
Wickepin (S),59100,1.7,2.1,2.1,1.9,2.1,2.2,2.2,2.4,2.4,2.4,2.7,2.8,2.4,3.0,2.4,2.4,2.2,1.9,2.4,2.7,3.0,3.2,3.5,3.5,3.7,3.2,2.4,2.1,1.7,1.7,1.9,2.1,2.3,2.0,1.7,1.5,1.5,1.5,1.8,2.0
Williams (S),59170,2.4,2.9,3.0,2.5,2.5,2.2,2.0,2.2,2.6,2.6,3.0,2.9,3.0,3.3,2.8,2.7,2.5,2.5,3.2,3.4,3.6,4.1,4.3,4.4,4.5,4.0,2.7,2.7,2.0,2.3,2.4,2.6,2.7,2.8,2.7,2.7,2.5,2.5,2.6,2.6
Wiluna (S),59250,-,-,-,-,-,-,-,-,-,-,-,-,-,-,-,-,-,-,-,-,-,-,-,-,-,-,-,-,-,-,-,-,-,-,-,-,18.7,17.9,16.0,12.7
Wongan-Ballidu (S),59310,3.0,3.8,3.9,3.3,3.1,2.8,2.8,3.1,3.4,3.4,3.8,3.6,3.6,3.9,3.4,3.3,3.2,3.2,4.2,4.5,5.3,6.0,6.8,7.1,7.5,6.5,4.7,4.1,3.2,3.1,3.5,3.4,3.6,3.7,3.4,3.2,3.0,2.8,2.9,3.0
Woodanilling (S),59320,4.3,5.6,6.4,6.0,6.6,6.2,6.3,6.7,7.6,7.5,7.7,7.5,7.0,7.5,6.3,6.1,6.1,6.2,7.7,8.2,8.7,9.3,9.4,10.0,10.9,10.2,7.7,6.6,4.7,4.8,5.2,5.5,5.4,5.3,5.2,4.9,4.9,5.0,5.0,5.0
Wyalkatchem (S),59330,2.9,3.8,3.8,3.1,3.2,2.9,2.9,3.3,3.6,3.6,3.7,3.4,3.5,4.0,3.5,3.4,3.0,3.4,4.2,4.7,5.1,5.9,6.8,7.3,7.6,6.3,4.7,4.2,3.1,3.1,3.5,3.4,3.7,3.6,3.6,3.2,2.9,2.9,3.0,3.0
Wyndham-East Kimberley (S),59340,8.9,8.1,7.5,6.7,5.5,5.2,5.0,5.7,6.7,8.0,9.7,11.1,12.8,13.1,12.1,11.3,10.9,11.0,10.9,11.3,10.8,10.4,9.8,8.4,7.6,7.0,7.4,7.6,8.0,8.3,8.7,9.5,10.0,10.9,10.8,11.4,12.1,12.2,11.4,9.7
Yalgoo (S),59350,-,-,-,-,-,-,-,-,-,-,-,-,-,-,-,-,-,-,-,-,-,-,-,-,-,-,-,-,-,-,-,-,-,-,-,-,18.9,17.9,15.7,12.8
Yilgarn (S),59360,-,-,-,-,-,-,-,-,-,-,-,-,-,-,-,-,-,-,-,-,-,-,-,-,-,-,-,-,-,-,-,-,-,-,-,-,2.4,2.5,2.5,2.4
York (S),59370,3.2,4.0,4.2,3.9,4.3,4.3,4.6,5.0,5.2,5.1,5.3,5.0,4.8,5.2,4.4,4.4,3.9,4.0,4.8,5.2,5.7,6.2,6.6,6.7,6.9,6.1,4.3,3.7,3.0,2.9,3.6,3.8,3.9,3.8,3.4,3.1,3.1,3.3,3.8,4.1
Break O'Day (M),60210,10.4,10.0,9.5,9.9,10.3,10.6,10.8,10.7,10.5,11.0,11.8,12.5,12.9,13.3,13.2,12.3,11.4,10.2,9.5,10.4,11.5,12.0,12.4,11.6,10.8,10.3,10.0,9.7,9.2,8.8,8.8,8.6,9.4,10.0,9.8,9.8,9.4,9.2,10.2,11.7
Brighton (M),60410,8.9,8.5,8.3,8.6,9.1,10.0,10.7,10.7,10.9,11.2,11.3,12.0,12.6,12.5,12.6,12.0,11.5,11.3,10.7,10.8,10.9,10.5,10.7,10.5,9.9,9.7,9.7,9.7,10.2,10.9,11.2,11.5,11.7,12.0,12.3,12.0,11.5,10.9,10.1,10.2
Burnie (C),60610,9.9,9.1,8.4,8.2,8.6,9.7,10.7,11.4,11.3,10.7,11.1,11.2,11.1,10.9,10.2,10.1,9.8,9.9,10.0,9.0,8.3,7.4,7.2,7.3,7.3,7.3,7.3,7.6,8.0,8.4,8.3,7.8,8.0,7.7,8.1,8.7,8.2,8.5,8.7,8.8
Central Coast (M) (Tas.),60810,7.1,6.5,5.9,5.8,6.0,6.8,7.5,8.1,8.0,7.6,7.9,7.8,7.7,7.5,7.0,6.7,6.4,6.5,6.6,6.2,5.8,5.2,4.9,4.9,4.8,4.7,4.7,4.8,5.0,5.3,5.1,4.9,5.0,4.8,5.0,5.3,5.0,5.2,5.4,5.5
Central Highlands (M) (Tas.),61010,6.1,6.6,6.8,7.7,8.0,7.0,7.6,8.6,9.1,10.7,10.7,9.9,9.8,8.9,8.6,9.1,9.0,9.4,9.4,8.3,7.5,7.7,7.3,7.3,8.6,8.6,8.8,9.0,8.1,7.4,7.3,7.0,6.7,7.1,6.8,6.3,6.2,5.8,6.3,7.7
Circular Head (M),61210,5.0,4.8,4.4,4.2,4.3,4.8,5.3,5.7,5.6,5.5,5.7,5.5,5.5,5.3,5.0,4.9,4.7,4.9,5.0,4.8,4.4,4.0,3.9,3.9,3.9,3.9,3.7,3.8,4.0,4.1,4.1,3.9,3.9,3.8,4.0,4.4,4.2,4.5,4.7,4.8
Clarence (C),61410,4.2,4.0,3.8,3.9,4.2,4.6,4.9,5.0,5.1,5.2,5.3,5.5,5.8,5.7,5.8,5.5,5.4,5.5,5.2,5.3,5.3,5.2,5.4,5.4,5.0,4.9,4.8,4.8,4.9,5.1,5.1,5.1,5.3,5.5,5.6,5.5,5.3,5.2,5.1,5.2
Derwent Valley (M),61510,7.2,7.5,7.6,8.2,9.0,9.5,10.1,10.3,10.4,11.1,11.7,12.1,12.5,12.3,12.2,11.9,11.5,11.1,10.4,9.9,9.5,9.3,9.1,8.9,8.7,8.6,8.6,8.7,8.7,9.0,9.2,9.3,9.6,9.9,10.1,9.9,9.4,8.9,8.5,9.1
Devonport (C),61610,8.8,8.3,7.7,7.6,8.1,9.3,10.2,11.0,10.7,10.2,10.7,10.6,10.5,10.4,9.6,9.5,9.1,9.4,9.6,8.9,8.3,7.4,7.2,7.2,7.3,7.2,7.1,7.4,7.8,8.4,8.3,7.9,8.1,7.8,8.1,8.6,7.9,8.3,8.4,8.5
Dorset (M),61810,5.9,5.9,5.9,6.2,6.5,6.8,7.0,7.2,7.1,7.6,8.0,8.2,8.1,8.1,7.7,7.2,6.8,6.2,5.7,6.1,6.6,6.9,7.0,6.9,6.6,6.1,5.8,5.4,5.0,4.8,5.0,5.0,5.7,6.1,5.9,5.8,5.5,5.3,5.9,6.8
Flinders (M) (Tas.),62010,-,-,-,-,-,-,-,-,-,-,-,-,-,-,-,-,-,-,-,-,-,-,-,-,-,-,-,-,-,-,-,-,-,-,-,-,3.8,3.7,4.0,4.4
George Town (M),62210,8.8,9.0,9.0,9.7,10.3,10.8,11.2,11.2,11.4,11.8,12.5,13.0,12.9,13.1,12.7,11.9,10.9,10.2,9.5,10.4,11.4,12.0,12.5,12.3,11.7,11.1,10.4,9.7,9.2,8.7,8.8,8.8,10.0,10.6,10.5,10.4,9.6,9.2,9.8,10.9
Glamorgan/Spring Bay (M),62410,5.5,6.3,6.5,7.4,7.5,6.5,6.8,7.3,7.4,8.6,8.8,8.2,8.7,8.3,7.6,7.8,6.9,6.4,6.2,5.5,5.1,5.1,4.5,4.4,5.1,5.2,5.5,5.5,5.0,4.6,4.4,4.3,4.3,4.7,4.7,4.3,4.3,4.3,4.7,5.8
Glenorchy (C),62610,7.0,6.8,6.7,6.9,7.4,8.2,8.6,8.6,8.7,9.1,9.5,10.1,10.6,10.3,10.3,9.6,9.3,9.4,9.0,9.3,9.5,9.3,9.8,9.9,9.2,9.1,8.9,8.9,9.1,9.4,9.5,9.6,10.0,10.3,10.5,10.2,9.6,9.1,8.4,8.5
Hobart (C),62810,3.5,3.3,3.2,3.3,3.5,3.8,4.0,4.1,4.1,4.2,4.2,4.3,4.5,4.4,4.6,4.4,4.3,4.3,4.0,4.1,4.2,4.2,4.5,4.5,4.1,3.9,3.7,3.7,3.7,3.8,3.8,3.8,3.9,4.1,4.2,4.1,3.8,3.8,3.9,4.2
Huon Valley (M),63010,6.0,6.8,6.8,7.7,7.8,6.7,7.3,8.2,8.7,10.3,10.5,9.7,10.0,9.4,8.9,9.5,9.0,8.7,8.4,7.4,6.6,6.9,6.5,6.5,7.5,7.7,7.9,7.8,7.0,6.4,6.3,6.3,6.1,6.5,6.3,5.6,5.6,5.4,5.8,7.0
Kentish (M),63210,8.7,8.0,7.3,6.8,7.2,8.2,9.0,9.6,9.2,8.9,9.4,9.3,9.1,8.7,8.0,7.8,7.6,7.7,7.7,7.1,6.6,5.9,5.6,5.6,5.4,5.2,4.9,4.8,5.0,5.3,5.2,5.0,5.0,5.0,5.2,5.4,5.2,5.6,6.1,6.7
King Island (M),63410,2.6,2.5,2.4,2.0,1.9,2.0,2.4,2.9,3.5,3.4,3.8,3.9,3.8,3.8,3.3,3.0,2.9,2.9,3.1,3.0,2.7,2.4,2.0,1.7,1.5,1.4,1.4,1.5,1.6,1.8,1.8,1.6,1.6,1.5,1.5,1.7,1.6,1.9,2.4,2.7
Kingborough (M),63610,2.7,2.7,2.6,2.7,2.8,3.0,3.1,3.2,3.4,3.7,3.9,4.1,4.3,4.1,4.1,3.9,3.8,3.9,3.8,3.9,3.8,3.7,3.8,3.7,3.5,3.5,3.4,3.4,3.5,3.6,3.6,3.6,3.7,3.8,3.8,3.7,3.5,3.6,3.7,4.0
Latrobe (M) (Tas.),63810,6.0,5.4,5.0,5.0,5.2,6.0,6.6,7.0,7.0,6.8,7.2,7.2,7.2,6.9,6.1,5.6,5.1,5.1,5.3,5.1,4.8,4.3,4.1,4.0,3.9,3.8,3.6,3.7,3.9,4.2,4.1,3.9,3.8,3.7,3.7,3.9,3.8,4.1,4.5,4.8
Launceston (C),64010,6.5,6.7,6.6,6.9,7.2,7.6,8.0,8.1,8.2,8.6,9.1,9.4,9.3,9.3,9.2,8.8,8.4,7.8,7.3,7.8,8.4,8.8,9.0,8.9,8.6,8.1,7.9,7.4,7.0,6.8,6.8,6.7,7.4,7.6,7.4,7.5,6.8,6.6,7.2,8.0
Meander Valley (M),64210,3.8,3.8,3.8,4.0,4.3,4.6,4.8,4.9,4.9,5.1,5.4,5.5,5.3,5.3,5.1,4.9,4.6,4.4,4.2,4.5,4.8,5.0,5.0,4.9,4.5,4.2,4.1,3.8,3.6,3.4,3.3,3.3,3.7,3.9,3.8,3.8,3.5,3.5,4.0,4.6
Northern Midlands (M),64610,4.0,4.0,3.9,4.0,4.3,4.5,4.8,4.9,5.0,5.4,5.8,6.0,5.9,5.8,5.7,5.3,5.0,4.6,4.2,4.5,4.9,5.1,5.2,5.2,5.0,4.9,4.8,4.6,4.5,4.3,4.4,4.2,4.6,4.6,4.5,4.4,4.1,4.0,4.5,5.2
Sorell (M),64810,5.0,4.7,4.4,4.6,5.1,5.6,5.8,5.8,5.8,5.9,6.0,6.3,6.5,6.3,6.2,5.8,5.7,5.8,5.7,6.1,6.2,6.0,6.3,6.2,5.8,5.8,5.5,5.4,5.3,5.3,5.3,5.2,5.4,5.5,5.6,5.6,5.4,5.5,5.5,5.8
Southern Midlands (M),65010,4.9,5.9,6.1,7.1,6.9,5.9,6.3,7.0,7.7,8.8,8.9,8.1,7.7,7.2,6.6,7.2,7.0,6.7,6.4,5.2,4.4,4.4,4.2,4.2,5.0,5.3,5.6,5.9,5.5,5.3,5.3,5.1,4.8,4.9,4.9,4.5,4.5,4.3,4.5,5.5
Tasman (M),65210,6.8,7.7,8.0,8.8,8.8,7.1,6.8,7.7,8.3,9.6,10.2,9.5,10.1,10.4,10.1,11.6,11.5,11.0,10.7,8.6,7.2,6.5,5.7,5.6,6.4,6.8,7.1,7.3,6.5,6.0,5.9,5.8,5.9,6.2,5.9,5.5,5.7,6.0,7.0,8.4
Waratah/Wynyard (M),65410,7.4,6.7,6.1,6.0,6.4,7.3,8.1,8.7,8.6,8.3,8.7,8.7,8.6,8.6,7.9,7.6,7.1,7.1,7.1,6.6,6.1,5.5,5.2,5.1,5.1,5.0,5.0,5.2,5.4,5.8,5.7,5.5,5.7,5.6,5.7,6.0,5.6,6.0,6.3,6.7
West Coast (M),65610,9.2,8.5,7.7,7.3,8.0,9.4,10.4,11.2,10.7,10.0,10.6,10.8,11.1,11.3,10.8,10.8,10.6,11.1,11.6,11.2,10.8,9.7,9.1,8.7,8.4,8.1,8.0,8.2,8.7,9.3,9.3,9.1,9.4,9.5,10.2,11.0,10.3,10.5,10.4,10.4
West Tamar (M),65810,3.8,3.9,3.7,3.9,4.1,4.4,4.7,4.8,4.9,5.0,5.3,5.4,5.3,5.4,5.4,5.1,4.7,4.3,4.0,4.4,4.9,5.2,5.4,5.2,4.9,4.6,4.5,4.3,4.0,3.8,3.9,3.8,4.2,4.3,4.1,4.1,3.7,3.7,4.3,4.9
Alice Springs (T),70200,1.0,1.1,1.3,1.6,1.8,2.0,2.0,1.9,2.0,2.3,2.5,2.6,2.3,1.9,1.8,1.6,1.5,1.6,1.8,1.8,1.9,1.9,1.7,1.6,1.5,1.3,1.4,1.8,2.0,2.3,2.3,2.3,2.3,2.4,2.7,2.9,2.9,2.8,2.5,2.4
Barkly (R),70420,4.6,5.6,6.8,8.5,9.6,10.1,9.7,9.0,9.8,11.6,13.0,13.6,12.7,10.9,9.9,9.0,8.8,8.9,9.6,9.7,9.5,8.8,7.3,6.6,5.8,5.3,5.8,6.8,7.2,7.4,7.0,6.9,6.7,6.9,7.9,8.1,8.4,7.8,6.6,6.1
Belyuen (S),70540,-,-,-,-,-,-,-,-,-,-,-,-,-,-,-,-,-,-,-,-,-,-,-,-,-,-,-,-,-,-,-,-,-,-,-,-,2.9,2.9,2.9,3.0
Central Desert (R),70620,8.0,9.7,11.6,14.2,16.4,17.5,16.9,16.0,17.6,20.3,22.6,23.3,20.6,16.9,14.6,12.8,12.1,11.9,12.1,11.7,11.5,10.8,9.5,9.1,8.5,8.1,8.5,9.7,9.9,10.4,9.7,9.7,9.4,9.4,10.3,10.3,10.4,9.8,8.3,7.6
Coomalie (S),70700,-,-,-,-,-,-,-,-,-,-,-,-,-,-,-,-,-,-,-,-,-,-,-,-,-,-,-,-,-,-,-,-,-,-,-,-,2.8,2.8,2.4,2.6
Darwin (C),71000,2.9,2.9,2.9,3.2,3.4,3.5,3.5,3.5,3.2,3.1,3.3,3.1,3.1,3.0,3.0,3.0,3.1,3.2,3.1,3.1,3.4,3.4,3.3,3.4,3.3,3.2,3.3,3.4,3.3,3.5,3.7,3.9,4.1,4.2,4.4,4.4,4.6,5.4,5.7,5.9
East Arnhem (R),71300,4.7,5.9,7.3,9.5,10.9,11.6,11.3,10.5,11.9,14.1,15.8,16.6,16.0,14.1,13.0,12.4,12.3,12.8,13.8,13.8,13.4,12.1,10.2,9.4,8.6,8.1,8.9,9.9,10.1,10.6,9.6,9.4,9.4,9.6,11.1,11.6,12.2,11.8,10.3,10.4
Katherine (T),72200,1.5,1.7,2.0,2.4,2.7,2.9,2.9,2.6,2.8,3.2,3.3,3.4,3.2,2.8,2.5,2.3,2.2,2.2,2.4,2.4,2.4,2.2,2.0,1.9,1.8,1.7,1.8,2.2,2.3,2.6,2.5,2.5,2.6,2.8,3.3,3.4,3.5,3.3,2.9,3.0
Litchfield (M),72300,2.2,2.2,2.2,2.4,2.5,2.5,2.5,2.5,2.4,2.3,2.6,2.5,2.5,2.6,2.8,2.9,3.0,3.2,2.9,2.8,2.9,2.7,2.5,2.5,2.4,2.3,2.4,2.5,2.4,2.3,2.3,2.4,2.6,2.6,2.7,2.7,2.8,3.5,4.0,4.5
MacDonnell (R),72330,6.0,7.1,8.5,10.5,12.1,13.0,12.8,12.1,13.5,15.9,17.9,18.5,16.7,13.7,11.6,10.3,9.6,9.6,9.8,9.8,9.7,8.9,8.0,7.5,6.8,6.5,6.9,7.9,8.0,8.2,7.4,7.4,7.3,7.6,8.6,8.6,8.9,8.3,7.0,6.3
Palmerston (C),72800,2.9,2.8,2.9,3.1,3.4,3.5,3.5,3.6,3.4,3.3,3.5,3.4,3.3,3.2,3.3,3.3,3.6,3.8,3.6,3.7,4.0,3.9,3.9,4.0,3.9,3.9,4.1,4.3,4.2,4.4,4.6,4.7,5.1,5.3,5.5,5.6,6.0,6.9,7.4,7.8
Roper Gulf (R),73600,4.7,5.5,6.4,7.8,9.0,9.8,9.4,8.8,10.0,11.9,13.9,14.7,14.8,13.6,13.2,13.3,13.2,13.7,14.4,14.3,13.6,12.3,10.4,9.5,8.5,7.8,8.2,9.3,9.7,10.4,10.0,10.2,10.2,10.5,12.0,12.3,12.4,11.6,9.7,9.3
Tiwi Islands (R),74050,4.8,5.9,7.0,9.0,10.6,11.2,11.1,10.3,11.0,13.1,14.9,15.6,15.5,14.1,13.0,12.7,12.6,13.0,14.3,14.2,13.8,13.2,11.7,11.2,10.4,9.6,9.9,11.3,11.9,13.0,12.6,13.0,12.9,12.6,13.8,13.8,13.9,13.1,11.1,10.8
Victoria Daly (R),74550,3.8,4.8,5.7,7.1,8.2,8.8,8.6,8.1,8.9,9.7,10.0,10.0,9.2,8.2,7.7,7.6,7.5,7.6,8.0,8.0,7.8,7.4,6.7,6.5,6.1,5.8,6.4,7.3,7.6,7.9,7.2,7.0,6.9,7.1,8.0,8.3,8.4,8.0,7.1,6.9
Wagait (S),74560,-,-,-,-,-,-,-,-,-,-,-,-,-,-,-,-,-,-,-,-,-,-,-,-,-,-,-,-,-,-,-,-,-,-,-,-,2.8,2.8,2.4,2.8
West Arnhem (R),74660,3.5,4.3,5.2,6.5,7.5,8.0,8.0,7.7,9.0,10.9,12.1,12.5,11.9,10.2,9.1,8.5,8.3,9.0,10.5,11.1,11.3,10.6,9.4,8.6,7.6,7.3,7.8,9.0,9.6,10.3,9.9,10.0,9.4,9.7,11.3,11.7,12.9,12.1,10.4,10.0
West Daly (R),74680,5.3,6.3,7.7,10.2,12.2,13.6,13.8,13.1,14.9,17.6,20.1,21.1,19.0,15.8,13.0,11.6,11.2,11.7,12.9,13.1,12.8,11.7,10.3,9.3,8.3,7.7,7.9,8.8,9.3,9.8,9.3,9.5,9.3,9.6,10.4,10.7,10.9,10.4,9.3,9.2
Unincorporated NT,79399,1.3,1.5,1.6,1.9,2.2,2.3,2.4,2.3,2.5,2.9,3.1,3.2,2.9,2.5,2.3,2.1,2.1,2.2,2.5,2.7,2.8,2.7,2.5,2.4,2.3,2.2,2.2,2.4,2.5,2.8,2.8,2.9,3.0,2.8,3.0,3.0,3.0,3.0,2.7,2.7
Unincorporated ACT,89399,3.3,3.5,3.7,3.8,3.9,3.7,3.7,3.8,4.1,4.2,4.3,4.2,3.9,3.9,4.0,4.3,4.5,4.6,4.7,4.8,4.7,4.6,4.2,3.9,3.7,3.8,4.0,4.0,4.1,3.9,3.8,3.7,3.5,3.6,3.6,3.4,3.3,3.4,3.6,3.8
